Product_name,offer_price,Original_price,Product_URL
EDDY HAGER,Rs.341,Rs.2599,https://www.flipkart.com/eddy-hager-eh-226-sl-silver-day-date-analog-watch-men/p/itmbbd6924f1d368?pid=WATFNGVVPGJEBKD2&lid=LSTWATFNGVVPGJEBKD2SMDUYP&marketplace=FLIPKART&store=r18%2Ff13&srno=b_1_1&otracker=hp_omu_Deals%2Bof%2Bthe%2BDay_2_4.dealCard.OMU_A5N6E83IL3KE_3&otracker1=hp_omu_SECTIONED_manualRanking_neo%2Fmerchandising_Deals%2Bof%2Bthe%2BDay_NA_dealCard_cc_2_NA_view-all_3&fm=organic&iid=en_5jXLYf4yLUJ1kyLHsHJL11JzNnTBO8m4K35A1ys3Ohzu5a%2BAm7EymR2JsDv7iG4qQEtImyRjP1W%2F4wYN6ytG3Q%3D%3D&ppt=None&ppn=None&ssid=ezlqn15umo0000001622354920763
FOSSIL,Rs.5697,Rs.9495,https://www.flipkart.com/fossil-jr1157-other-mens-analog-watch-men/p/itmf3zh3ydt5czxh?pid=WATETQSUSVG56HFA&lid=LSTWATETQSUSVG56HFAU1S3J4&marketplace=FLIPKART&store=r18%2Ff13&srno=b_1_2&otracker=hp_omu_Deals%2Bof%2Bthe%2BDay_2_4.dealCard.OMU_A5N6E83IL3KE_3&otracker1=hp_omu_SECTIONED_manualRanking_neo%2Fmerchandising_Deals%2Bof%2Bthe%2BDay_NA_dealCard_cc_2_NA_view-all_3&fm=organic&iid=en_5jXLYf4yLUJ1kyLHsHJL11JzNnTBO8m4K35A1ys3OhwEjpl%2FzIbdqZdHp%2FaF2DnIBhQvVm359WknySjCWX%2FX2g%3D%3D&ppt=None&ppn=None&ssid=ezlqn15umo0000001622354920763
Titan,Rs.1636,Rs.2045,https://www.flipkart.com/titan-nn1773sl02-karishma-analog-watch-men/p/itm878c5fab6da8d?pid=WATF33EEVSYZAHWQ&lid=LSTWATF33EEVSYZAHWQRHCXSF&marketplace=FLIPKART&store=r18%2Ff13&srno=b_1_3&otracker=hp_omu_Deals%2Bof%2Bthe%2BDay_2_4.dealCard.OMU_A5N6E83IL3KE_3&otracker1=hp_omu_SECTIONED_manualRanking_neo%2Fmerchandising_Deals%2Bof%2Bthe%2BDay_NA_dealCard_cc_2_NA_view-all_3&fm=organic&iid=130b109c-9301-48a5-ad17-301e78169fe6.WATF33EEVSYZAHWQ.SEARCH&ppt=None&ppn=None&ssid=ezlqn15umo0000001622354920763
CRAB,Rs.269,Rs.799,https://www.flipkart.com/crab-new-stylish-dial-pu-strap-black-king-bracelet-combo-set-men-analog-watch-boys/p/itm7e543ce3c3287?pid=WATFZ3ZS8HRDFF4F&lid=LSTWATFZ3ZS8HRDFF4FTF5PCW&marketplace=FLIPKART&store=r18%2Ff13&srno=b_1_4&otracker=hp_omu_Deals%2Bof%2Bthe%2BDay_2_4.dealCard.OMU_A5N6E83IL3KE_3&otracker1=hp_omu_SECTIONED_manualRanking_neo%2Fmerchandising_Deals%2Bof%2Bthe%2BDay_NA_dealCard_cc_2_NA_view-all_3&fm=organic&iid=130b109c-9301-48a5-ad17-301e78169fe6.WATFZ3ZS8HRDFF4F.SEARCH&ppt=None&ppn=None&ssid=ezlqn15umo0000001622354920763
SONATA,Rs.1039,Rs.1299,https://www.flipkart.com/sonata-77106sm03-analog-watch-men/p/itm3c5de542ef12d?pid=WATFK6WVZCH8TNKG&lid=LSTWATFK6WVZCH8TNKGJDYZU0&marketplace=FLIPKART&store=r18%2Ff13&srno=b_1_5&otracker=hp_omu_Deals%2Bof%2Bthe%2BDay_2_4.dealCard.OMU_A5N6E83IL3KE_3&otracker1=hp_omu_SECTIONED_manualRanking_neo%2Fmerchandising_Deals%2Bof%2Bthe%2BDay_NA_dealCard_cc_2_NA_view-all_3&fm=organic&iid=130b109c-9301-48a5-ad17-301e78169fe6.WATFK6WVZCH8TNKG.SEARCH&ppt=None&ppn=None&ssid=ezlqn15umo0000001622354920763
EDDY HAGER,Rs.296,Rs.2599,https://www.flipkart.com/eddy-hager-eh-283-bl-blue-working-day-date-display-analog-watch-men/p/itm9243f1f1b7335?pid=WATFYF9NZGYPY2JZ&lid=LSTWATFYF9NZGYPY2JZZZSKVK&marketplace=FLIPKART&store=r18%2Ff13&srno=b_1_6&otracker=hp_omu_Deals%2Bof%2Bthe%2BDay_2_4.dealCard.OMU_A5N6E83IL3KE_3&otracker1=hp_omu_SECTIONED_manualRanking_neo%2Fmerchandising_Deals%2Bof%2Bthe%2BDay_NA_dealCard_cc_2_NA_view-all_3&fm=organic&iid=130b109c-9301-48a5-ad17-301e78169fe6.WATFYF9NZGYPY2JZ.SEARCH&ppt=None&ppn=None&ssid=ezlqn15umo0000001622354920763
Fogg,Rs.312,Rs.1699,https://www.flipkart.com/fogg-1170-bl-br-unique-new-day-date-analog-watch-men/p/itmfdwp9jgz4gzzu?pid=WATFDWHG9KUWEZFY&lid=LSTWATFDWHG9KUWEZFYIADWCJ&marketplace=FLIPKART&store=r18%2Ff13&srno=b_1_7&otracker=hp_omu_Deals%2Bof%2Bthe%2BDay_2_4.dealCard.OMU_A5N6E83IL3KE_3&otracker1=hp_omu_SECTIONED_manualRanking_neo%2Fmerchandising_Deals%2Bof%2Bthe%2BDay_NA_dealCard_cc_2_NA_view-all_3&fm=organic&iid=130b109c-9301-48a5-ad17-301e78169fe6.WATFDWHG9KUWEZFY.SEARCH&ppt=None&ppn=None&ssid=ezlqn15umo0000001622354920763
Rizzly,Rs.349,Rs.899,https://www.flipkart.com/rizzly-gents-exclusive-3-designer-combo-casual-partywear-formal-stylish-new-boys-mens-analog-watch/p/itmf3zhhgzhwvdyr?pid=WATF3G6WYWJUTDZY&lid=LSTWATF3G6WYWJUTDZYLLQLEO&marketplace=FLIPKART&store=r18%2Ff13&srno=b_1_8&otracker=hp_omu_Deals%2Bof%2Bthe%2BDay_2_4.dealCard.OMU_A5N6E83IL3KE_3&otracker1=hp_omu_SECTIONED_manualRanking_neo%2Fmerchandising_Deals%2Bof%2Bthe%2BDay_NA_dealCard_cc_2_NA_view-all_3&fm=organic&iid=130b109c-9301-48a5-ad17-301e78169fe6.WATF3G6WYWJUTDZY.SEARCH&ppt=None&ppn=None&ssid=ezlqn15umo0000001622354920763
LIMESTONE,Rs.322,Rs.1999,https://www.flipkart.com/limestone-ls2804-all-black-mesh-strap-day-date-functioning-quartz-analog-watch-men/p/itmfgebnggz2b2ry?pid=WATFGEADXQVKSHC8&lid=LSTWATFGEADXQVKSHC8ZULZKR&marketplace=FLIPKART&store=r18%2Ff13&srno=b_1_9&otracker=hp_omu_Deals%2Bof%2Bthe%2BDay_2_4.dealCard.OMU_A5N6E83IL3KE_3&otracker1=hp_omu_SECTIONED_manualRanking_neo%2Fmerchandising_Deals%2Bof%2Bthe%2BDay_NA_dealCard_cc_2_NA_view-all_3&fm=organic&iid=130b109c-9301-48a5-ad17-301e78169fe6.WATFGEADXQVKSHC8.SEARCH&ppt=None&ppn=None&ssid=ezlqn15umo0000001622354920763
Rizzly,Rs.199,Rs.1299,https://www.flipkart.com/rizzly-216-blue-sporty-look-designer-boys-men-analog-watch/p/itm2583d3970f0da?pid=WATFVYGAGFASZBKQ&lid=LSTWATFVYGAGFASZBKQLKRU1N&marketplace=FLIPKART&store=r18%2Ff13&srno=b_1_10&otracker=hp_omu_Deals%2Bof%2Bthe%2BDay_2_4.dealCard.OMU_A5N6E83IL3KE_3&otracker1=hp_omu_SECTIONED_manualRanking_neo%2Fmerchandising_Deals%2Bof%2Bthe%2BDay_NA_dealCard_cc_2_NA_view-all_3&fm=organic&iid=130b109c-9301-48a5-ad17-301e78169fe6.WATFVYGAGFASZBKQ.SEARCH&ppt=None&ppn=None&ssid=ezlqn15umo0000001622354920763
Daniel Jubile,Rs.227,Rs.1499,https://www.flipkart.com/daniel-jubile-arrow-blk-analog-watch-men/p/itmf727764f51414?pid=WATFNVGWZCTFUSHG&lid=LSTWATFNVGWZCTFUSHGIQUSKK&marketplace=FLIPKART&store=r18%2Ff13&srno=b_1_11&otracker=hp_omu_Deals%2Bof%2Bthe%2BDay_2_4.dealCard.OMU_A5N6E83IL3KE_3&otracker1=hp_omu_SECTIONED_manualRanking_neo%2Fmerchandising_Deals%2Bof%2Bthe%2BDay_NA_dealCard_cc_2_NA_view-all_3&fm=organic&iid=130b109c-9301-48a5-ad17-301e78169fe6.WATFNVGWZCTFUSHG.SEARCH&ppt=None&ppn=None&ssid=ezlqn15umo0000001622354920763
Varni Retail,Rs.323,Rs.2299,https://www.flipkart.com/varni-retail-aks-golden-diamond-women-rosara-gold-silver-black-dial-men-couple-combo-watch-watches-analog/p/itm2973687ee4ed5?pid=WATF33MWV9CHJFJH&lid=LSTWATF33MWV9CHJFJHVASI4L&marketplace=FLIPKART&store=r18%2Ff13&srno=b_1_12&otracker=hp_omu_Deals%2Bof%2Bthe%2BDay_2_4.dealCard.OMU_A5N6E83IL3KE_3&otracker1=hp_omu_SECTIONED_manualRanking_neo%2Fmerchandising_Deals%2Bof%2Bthe%2BDay_NA_dealCard_cc_2_NA_view-all_3&fm=organic&iid=130b109c-9301-48a5-ad17-301e78169fe6.WATF33MWV9CHJFJH.SEARCH&ppt=None&ppn=None&ssid=ezlqn15umo0000001622354920763
SONATA,Rs.999,Rs.1249,https://www.flipkart.com/sonata-77106sm01-analog-watch-men/p/itm72d3a085fc014?pid=WATFK6WV6P2EPZFP&lid=LSTWATFK6WV6P2EPZFPYVREPV&marketplace=FLIPKART&store=r18%2Ff13&srno=b_1_13&otracker=hp_omu_Deals%2Bof%2Bthe%2BDay_2_4.dealCard.OMU_A5N6E83IL3KE_3&otracker1=hp_omu_SECTIONED_manualRanking_neo%2Fmerchandising_Deals%2Bof%2Bthe%2BDay_NA_dealCard_cc_2_NA_view-all_3&fm=organic&iid=130b109c-9301-48a5-ad17-301e78169fe6.WATFK6WV6P2EPZFP.SEARCH&ppt=None&ppn=None&ssid=ezlqn15umo0000001622354920763
Fogg,Rs.498,Rs.2199,https://www.flipkart.com/fogg-7007-3-stylish-different-coloured-watch-combo-analog-men/p/itm65f08d0459ba2?pid=WATFKN27KVJHNMFB&lid=LSTWATFKN27KVJHNMFBIS2ZS7&marketplace=FLIPKART&store=r18%2Ff13&srno=b_1_14&otracker=hp_omu_Deals%2Bof%2Bthe%2BDay_2_4.dealCard.OMU_A5N6E83IL3KE_3&otracker1=hp_omu_SECTIONED_manualRanking_neo%2Fmerchandising_Deals%2Bof%2Bthe%2BDay_NA_dealCard_cc_2_NA_view-all_3&fm=organic&iid=en_5jXLYf4yLUJ1kyLHsHJL11JzNnTBO8m4K35A1ys3Ohxvh0NsqqV3nnbRZY6EqVPh8P3ZMGl5O2oNGEHpdxs6GA%3D%3D&ppt=None&ppn=None&ssid=ezlqn15umo0000001622354920763
LIMESTONE,Rs.331,Rs.1899,https://www.flipkart.com/limestone-ls2842-mesh-strap-day-date-functioning-all-black-shock-proof-quartz-analog-watch-men/p/itm7060fcfcebde1?pid=WATFJHYGZYEPQU2Y&lid=LSTWATFJHYGZYEPQU2YAG1B5K&marketplace=FLIPKART&store=r18%2Ff13&srno=b_1_15&otracker=hp_omu_Deals%2Bof%2Bthe%2BDay_2_4.dealCard.OMU_A5N6E83IL3KE_3&otracker1=hp_omu_SECTIONED_manualRanking_neo%2Fmerchandising_Deals%2Bof%2Bthe%2BDay_NA_dealCard_cc_2_NA_view-all_3&fm=organic&iid=130b109c-9301-48a5-ad17-301e78169fe6.WATFJHYGZYEPQU2Y.SEARCH&ppt=None&ppn=None&ssid=ezlqn15umo0000001622354920763
Fogg,Rs.331,Rs.1799,https://www.flipkart.com/fogg-2038-wh-day-date-analog-watch-men/p/itm02fe69ccd8751?pid=WATEYKC4PGYQAGNS&lid=LSTWATEYKC4PGYQAGNSONSPWH&marketplace=FLIPKART&store=r18%2Ff13&srno=b_1_16&otracker=hp_omu_Deals%2Bof%2Bthe%2BDay_2_4.dealCard.OMU_A5N6E83IL3KE_3&otracker1=hp_omu_SECTIONED_manualRanking_neo%2Fmerchandising_Deals%2Bof%2Bthe%2BDay_NA_dealCard_cc_2_NA_view-all_3&fm=organic&iid=130b109c-9301-48a5-ad17-301e78169fe6.WATEYKC4PGYQAGNS.SEARCH&ppt=None&ppn=None&ssid=ezlqn15umo0000001622354920763
MAXIMA,Rs.349,Rs.1395,https://www.flipkart.com/maxima-l-63064lmgi-elite-analog-watch-men/p/itmd2cc0ad39c9e4?pid=WATFWZ6387R25VZT&lid=LSTWATFWZ6387R25VZTN2JCMI&marketplace=FLIPKART&store=r18%2Ff13&srno=b_1_17&otracker=hp_omu_Deals%2Bof%2Bthe%2BDay_2_4.dealCard.OMU_A5N6E83IL3KE_3&otracker1=hp_omu_SECTIONED_manualRanking_neo%2Fmerchandising_Deals%2Bof%2Bthe%2BDay_NA_dealCard_cc_2_NA_view-all_3&fm=organic&iid=130b109c-9301-48a5-ad17-301e78169fe6.WATFWZ6387R25VZT.SEARCH&ppt=None&ppn=None&ssid=ezlqn15umo0000001622354920763
Fogg,Rs.322,Rs.1699,https://www.flipkart.com/fogg-1164-br-brown-day-date-unique-new-analog-watch-men/p/itmf9vgyghhsrj3m?pid=WATF9VDHRUQTGWQZ&lid=LSTWATF9VDHRUQTGWQZ32NGJP&marketplace=FLIPKART&store=r18%2Ff13&srno=b_1_18&otracker=hp_omu_Deals%2Bof%2Bthe%2BDay_2_4.dealCard.OMU_A5N6E83IL3KE_3&otracker1=hp_omu_SECTIONED_manualRanking_neo%2Fmerchandising_Deals%2Bof%2Bthe%2BDay_NA_dealCard_cc_2_NA_view-all_3&fm=organic&iid=130b109c-9301-48a5-ad17-301e78169fe6.WATF9VDHRUQTGWQZ.SEARCH&ppt=None&ppn=None&ssid=ezlqn15umo0000001622354920763
MIKADO,Rs.236,Rs.1999,https://www.flipkart.com/mikado-new-arrival-stylish-attractive-ethnic-blue-bracelet-look-analog-watch-girls-women/p/itmffh4urrfenyp4?pid=WATFFH4UZKZB6ZNW&lid=LSTWATFFH4UZKZB6ZNWTNB0S6&marketplace=FLIPKART&store=r18%2Ff13&srno=b_1_19&otracker=hp_omu_Deals%2Bof%2Bthe%2BDay_2_4.dealCard.OMU_A5N6E83IL3KE_3&otracker1=hp_omu_SECTIONED_manualRanking_neo%2Fmerchandising_Deals%2Bof%2Bthe%2BDay_NA_dealCard_cc_2_NA_view-all_3&fm=organic&iid=130b109c-9301-48a5-ad17-301e78169fe6.WATFFH4UZKZB6ZNW.SEARCH&ppt=None&ppn=None&ssid=ezlqn15umo0000001622354920763
TIMEWEAR,Rs.229,Rs.799,https://www.flipkart.com/timewear-233wdtg-analog-watch-collection-men/p/itmfg3kggezshetu?pid=WATFG3JFZJ2EVPHQ&lid=LSTWATFG3JFZJ2EVPHQYLOQBL&marketplace=FLIPKART&store=r18%2Ff13&srno=b_1_20&otracker=hp_omu_Deals%2Bof%2Bthe%2BDay_2_4.dealCard.OMU_A5N6E83IL3KE_3&otracker1=hp_omu_SECTIONED_manualRanking_neo%2Fmerchandising_Deals%2Bof%2Bthe%2BDay_NA_dealCard_cc_2_NA_view-all_3&fm=organic&iid=en_5jXLYf4yLUJ1kyLHsHJL11JzNnTBO8m4K35A1ys3OhzVeH9HB9ujZN77CgS2jhZem4vjHJfbbYE3nYKOcZd1%2Bg%3D%3D&ppt=None&ppn=None&ssid=ezlqn15umo0000001622354920763
LIMESTONE,Rs.312,Rs.1999,https://www.flipkart.com/limestone-ls2821-bleed-blue-day-date-functioning-strap-adult-quartz-analog-watch-boys/p/itm5082b2caa2252?pid=WATFHJCZSDYUGCHG&lid=LSTWATFHJCZSDYUGCHGPQBTJF&marketplace=FLIPKART&store=r18%2Ff13&srno=b_1_21&otracker=hp_omu_Deals%2Bof%2Bthe%2BDay_2_4.dealCard.OMU_A5N6E83IL3KE_3&otracker1=hp_omu_SECTIONED_manualRanking_neo%2Fmerchandising_Deals%2Bof%2Bthe%2BDay_NA_dealCard_cc_2_NA_view-all_3&fm=organic&iid=130b109c-9301-48a5-ad17-301e78169fe6.WATFHJCZSDYUGCHG.SEARCH&ppt=None&ppn=None&ssid=ezlqn15umo0000001622354920763
TIMEWEAR,Rs.359,Rs.2199,https://www.flipkart.com/timewear-192wdtg-slim-series-analog-watch-men/p/itmf0d77ce91be42?pid=WATFGNPCFF4GNXWG&lid=LSTWATFGNPCFF4GNXWGYTAE33&marketplace=FLIPKART&store=r18%2Ff13&srno=b_1_22&otracker=hp_omu_Deals%2Bof%2Bthe%2BDay_2_4.dealCard.OMU_A5N6E83IL3KE_3&otracker1=hp_omu_SECTIONED_manualRanking_neo%2Fmerchandising_Deals%2Bof%2Bthe%2BDay_NA_dealCard_cc_2_NA_view-all_3&fm=organic&iid=130b109c-9301-48a5-ad17-301e78169fe6.WATFGNPCFF4GNXWG.SEARCH&ppt=None&ppn=None&ssid=ezlqn15umo0000001622354920763
EDDY HAGER,Rs.498,Rs.2599,https://www.flipkart.com/eddy-hager-800-digital-army-green-sports-watch-men/p/itmf9hxbyqgrhb8d?pid=WATF9HHZF6GEXQ8G&lid=LSTWATF9HHZF6GEXQ8GZS8KEQ&marketplace=FLIPKART&store=r18%2Ff13&srno=b_1_23&otracker=hp_omu_Deals%2Bof%2Bthe%2BDay_2_4.dealCard.OMU_A5N6E83IL3KE_3&otracker1=hp_omu_SECTIONED_manualRanking_neo%2Fmerchandising_Deals%2Bof%2Bthe%2BDay_NA_dealCard_cc_2_NA_view-all_3&fm=organic&iid=130b109c-9301-48a5-ad17-301e78169fe6.WATF9HHZF6GEXQ8G.SEARCH&ppt=None&ppn=None&ssid=ezlqn15umo0000001622354920763
Daniel Jubile,Rs.217,Rs.1499,https://www.flipkart.com/daniel-jubile-bracelet-flower-stone-silver-21st-century-analog-watch-women/p/itm6c3ab8cbaf17d?pid=WATFPEUY3ZVQ3XVN&lid=LSTWATFPEUY3ZVQ3XVNJS1OLU&marketplace=FLIPKART&store=r18%2Ff13&srno=b_1_24&otracker=hp_omu_Deals%2Bof%2Bthe%2BDay_2_4.dealCard.OMU_A5N6E83IL3KE_3&otracker1=hp_omu_SECTIONED_manualRanking_neo%2Fmerchandising_Deals%2Bof%2Bthe%2BDay_NA_dealCard_cc_2_NA_view-all_3&fm=organic&iid=en_5jXLYf4yLUJ1kyLHsHJL11JzNnTBO8m4K35A1ys3Ohwb0TArUXAsjNtYWwX5qxTuntuDuv5QplFdijFolw4GYQ%3D%3D&ppt=None&ppn=None&ssid=ezlqn15umo0000001622354920763
ANALOGUE,Rs.265,Rs.1499,https://www.flipkart.com/analogue-anlg-428-blue-blu-analog-watch-boys/p/itmb6e22690a1daf?pid=WATFZ9HCPPKJX2DW&lid=LSTWATFZ9HCPPKJX2DWQBA0XP&marketplace=FLIPKART&store=r18%2Ff13&srno=b_1_25&otracker=hp_omu_Deals%2Bof%2Bthe%2BDay_2_4.dealCard.OMU_A5N6E83IL3KE_3&otracker1=hp_omu_SECTIONED_manualRanking_neo%2Fmerchandising_Deals%2Bof%2Bthe%2BDay_NA_dealCard_cc_2_NA_view-all_3&fm=organic&iid=130b109c-9301-48a5-ad17-301e78169fe6.WATFZ9HCPPKJX2DW.SEARCH&ppt=None&ppn=None&ssid=ezlqn15umo0000001622354920763
Espoir,Rs.499,Rs.2995,https://www.flipkart.com/espoir-es109-chronograph-pattern-combo-3-watches-analog-watch-men/p/itm3b363cb80ecf5?pid=WATESF6ZQFH7P2CY&lid=LSTWATESF6ZQFH7P2CY3JDVGB&marketplace=FLIPKART&store=r18%2Ff13&srno=b_1_26&otracker=hp_omu_Deals%2Bof%2Bthe%2BDay_2_4.dealCard.OMU_A5N6E83IL3KE_3&otracker1=hp_omu_SECTIONED_manualRanking_neo%2Fmerchandising_Deals%2Bof%2Bthe%2BDay_NA_dealCard_cc_2_NA_view-all_3&fm=organic&iid=130b109c-9301-48a5-ad17-301e78169fe6.WATESF6ZQFH7P2CY.SEARCH&ppt=None&ppn=None&ssid=ezlqn15umo0000001622354920763
TIMEWEAR,Rs.659,Rs.3499,https://www.flipkart.com/timewear-1283greentw-military-series-analogue-digital-black-dial-watch-men-analog-digital/p/itmfg3zwggt9hhhu?pid=WATFG3KWHGKNF8PS&lid=LSTWATFG3KWHGKNF8PSZBMXMM&marketplace=FLIPKART&store=r18%2Ff13&srno=b_1_27&otracker=hp_omu_Deals%2Bof%2Bthe%2BDay_2_4.dealCard.OMU_A5N6E83IL3KE_3&otracker1=hp_omu_SECTIONED_manualRanking_neo%2Fmerchandising_Deals%2Bof%2Bthe%2BDay_NA_dealCard_cc_2_NA_view-all_3&fm=organic&iid=130b109c-9301-48a5-ad17-301e78169fe6.WATFG3KWHGKNF8PS.SEARCH&ppt=None&ppn=None&ssid=ezlqn15umo0000001622354920763
HMTE,Rs.304,Rs.999,https://www.flipkart.com/hmte-hm-3172-day-date-series-analog-watch-men/p/itm82e230782d74b?pid=WATFUKBZHPWYKK3E&lid=LSTWATFUKBZHPWYKK3EK3M9YL&marketplace=FLIPKART&store=r18%2Ff13&srno=b_1_28&otracker=hp_omu_Deals%2Bof%2Bthe%2BDay_2_4.dealCard.OMU_A5N6E83IL3KE_3&otracker1=hp_omu_SECTIONED_manualRanking_neo%2Fmerchandising_Deals%2Bof%2Bthe%2BDay_NA_dealCard_cc_2_NA_view-all_3&fm=organic&iid=130b109c-9301-48a5-ad17-301e78169fe6.WATFUKBZHPWYKK3E.SEARCH&ppt=None&ppn=None&ssid=ezlqn15umo0000001622354920763
LIMESTONE,Rs.331,Rs.2999,https://www.flipkart.com/limestone-ls2917-mesh-strap-all-black-avatar-day-date-functioning-quartz-analog-watch-boys/p/itm87eb65ac81106?pid=WATFUYQHTPFBUZZQ&lid=LSTWATFUYQHTPFBUZZQXWXTF2&marketplace=FLIPKART&store=r18%2Ff13&srno=b_1_29&otracker=hp_omu_Deals%2Bof%2Bthe%2BDay_2_4.dealCard.OMU_A5N6E83IL3KE_3&otracker1=hp_omu_SECTIONED_manualRanking_neo%2Fmerchandising_Deals%2Bof%2Bthe%2BDay_NA_dealCard_cc_2_NA_view-all_3&fm=organic&iid=130b109c-9301-48a5-ad17-301e78169fe6.WATFUYQHTPFBUZZQ.SEARCH&ppt=None&ppn=None&ssid=ezlqn15umo0000001622354920763
Fogg,Rs.312,Rs.2599,https://www.flipkart.com/fogg-1140-br-brown-day-date-analog-watch-men/p/itmf4zhzge2c9nft?pid=WATF4ZDBHXGP6FGZ&lid=LSTWATF4ZDBHXGP6FGZACP3AL&marketplace=FLIPKART&store=r18%2Ff13&srno=b_1_30&otracker=hp_omu_Deals%2Bof%2Bthe%2BDay_2_4.dealCard.OMU_A5N6E83IL3KE_3&otracker1=hp_omu_SECTIONED_manualRanking_neo%2Fmerchandising_Deals%2Bof%2Bthe%2BDay_NA_dealCard_cc_2_NA_view-all_3&fm=organic&iid=en_5jXLYf4yLUJ1kyLHsHJL11JzNnTBO8m4K35A1ys3OhxhjH1H%2BLvqZCj0Ei97QtynqiO3w3d1PiRATpBq%2Bujz0Q%3D%3D&ppt=None&ppn=None&ssid=ezlqn15umo0000001622354920763
EDDY HAGER,Rs.339,Rs.2599,https://www.flipkart.com/eddy-hager-eh-226-bk-black-day-date-analog-watch-men/p/itmf7uq4uvuqkn9h?pid=WATF7UHDJCFEHYFY&lid=LSTWATF7UHDJCFEHYFYE3KIMI&marketplace=FLIPKART&store=r18%2Ff13&srno=b_1_31&otracker=hp_omu_Deals%2Bof%2Bthe%2BDay_2_4.dealCard.OMU_A5N6E83IL3KE_3&otracker1=hp_omu_SECTIONED_manualRanking_neo%2Fmerchandising_Deals%2Bof%2Bthe%2BDay_NA_dealCard_cc_2_NA_view-all_3&fm=organic&iid=130b109c-9301-48a5-ad17-301e78169fe6.WATF7UHDJCFEHYFY.SEARCH&ppt=None&ppn=None&ssid=ezlqn15umo0000001622354920763
Fogg,Rs.284,Rs.1599,https://www.flipkart.com/fogg-2047-wh-day-date-analog-watch-men/p/itmf3zhhsczmyggk?pid=WATF2G59ETJHM8NH&lid=LSTWATF2G59ETJHM8NHOTWHFC&marketplace=FLIPKART&store=r18%2Ff13&srno=b_1_32&otracker=hp_omu_Deals%2Bof%2Bthe%2BDay_2_4.dealCard.OMU_A5N6E83IL3KE_3&otracker1=hp_omu_SECTIONED_manualRanking_neo%2Fmerchandising_Deals%2Bof%2Bthe%2BDay_NA_dealCard_cc_2_NA_view-all_3&fm=organic&iid=130b109c-9301-48a5-ad17-301e78169fe6.WATF2G59ETJHM8NH.SEARCH&ppt=None&ppn=None&ssid=ezlqn15umo0000001622354920763
Varni Retail,Rs.323,Rs.2299,https://www.flipkart.com/varni-retail-stylish-full-gold-men-aks-golden-diamond-women-couple-combo-watch-analog/p/itmbf37cb03e1204?pid=WATF3BBSKW3GJTGY&lid=LSTWATF3BBSKW3GJTGYVGW3JR&marketplace=FLIPKART&store=r18%2Ff13&srno=b_1_33&otracker=hp_omu_Deals%2Bof%2Bthe%2BDay_2_4.dealCard.OMU_A5N6E83IL3KE_3&otracker1=hp_omu_SECTIONED_manualRanking_neo%2Fmerchandising_Deals%2Bof%2Bthe%2BDay_NA_dealCard_cc_2_NA_view-all_3&fm=organic&iid=130b109c-9301-48a5-ad17-301e78169fe6.WATF3BBSKW3GJTGY.SEARCH&ppt=None&ppn=None&ssid=ezlqn15umo0000001622354920763
Daniel Jubile,Rs.217,Rs.1499,https://www.flipkart.com/daniel-jubile-bracelet-flower-stone-rose-gold-21st-century-analog-watch-women/p/itm38762c94e3a7f?pid=WATFPEUYQXMTGQZR&lid=LSTWATFPEUYQXMTGQZRQY0JA0&marketplace=FLIPKART&store=r18%2Ff13&srno=b_1_34&otracker=hp_omu_Deals%2Bof%2Bthe%2BDay_2_4.dealCard.OMU_A5N6E83IL3KE_3&otracker1=hp_omu_SECTIONED_manualRanking_neo%2Fmerchandising_Deals%2Bof%2Bthe%2BDay_NA_dealCard_cc_2_NA_view-all_3&fm=organic&iid=en_5jXLYf4yLUJ1kyLHsHJL11JzNnTBO8m4K35A1ys3OhyIILlJ4h3j6g%2FTN%2BFaMQBaRf24aAFzHtQwKK4lyQEIjQ%3D%3D&ppt=None&ppn=None&ssid=ezlqn15umo0000001622354920763
Allen Solly,Rs.1560,Rs.2072,https://www.flipkart.com/allen-solly-as000010e-analog-watch-men/p/itmc09b0cc379a05?pid=WATFWVSGBZRBJXQV&lid=LSTWATFWVSGBZRBJXQVCMGKGK&marketplace=FLIPKART&store=r18%2Ff13&srno=b_1_35&otracker=hp_omu_Deals%2Bof%2Bthe%2BDay_2_4.dealCard.OMU_A5N6E83IL3KE_3&otracker1=hp_omu_SECTIONED_manualRanking_neo%2Fmerchandising_Deals%2Bof%2Bthe%2BDay_NA_dealCard_cc_2_NA_view-all_3&fm=organic&iid=130b109c-9301-48a5-ad17-301e78169fe6.WATFWVSGBZRBJXQV.SEARCH&ppt=None&ppn=None&ssid=ezlqn15umo0000001622354920763
Rizzly,Rs.296,Rs.1499,https://www.flipkart.com/rizzly-216-blue-brown-linear-designer-analog-watch-men/p/itm23a252942905e?pid=WATFWFX2GRRXHCBK&lid=LSTWATFWFX2GRRXHCBKY4R6EZ&marketplace=FLIPKART&store=r18%2Ff13&srno=b_1_36&otracker=hp_omu_Deals%2Bof%2Bthe%2BDay_2_4.dealCard.OMU_A5N6E83IL3KE_3&otracker1=hp_omu_SECTIONED_manualRanking_neo%2Fmerchandising_Deals%2Bof%2Bthe%2BDay_NA_dealCard_cc_2_NA_view-all_3&fm=organic&iid=130b109c-9301-48a5-ad17-301e78169fe6.WATFWFX2GRRXHCBK.SEARCH&ppt=None&ppn=None&ssid=ezlqn15umo0000001622354920763
ABREXO,Rs.269,Rs.1499,https://www.flipkart.com/abrexo-abx3026-bl-blue-dial-silver-bracelet-unique-new-watch-boys-analog/p/itmc25e5082b6fdd?pid=WATFU3Z4GGGFTXUK&lid=LSTWATFU3Z4GGGFTXUKSUM6QN&marketplace=FLIPKART&store=r18%2Ff13&srno=b_1_37&otracker=hp_omu_Deals%2Bof%2Bthe%2BDay_2_4.dealCard.OMU_A5N6E83IL3KE_3&otracker1=hp_omu_SECTIONED_manualRanking_neo%2Fmerchandising_Deals%2Bof%2Bthe%2BDay_NA_dealCard_cc_2_NA_view-all_3&fm=organic&iid=130b109c-9301-48a5-ad17-301e78169fe6.WATFU3Z4GGGFTXUK.SEARCH&ppt=None&ppn=None&ssid=ezlqn15umo0000001622354920763
Rizzly,Rs.199,Rs.1299,https://www.flipkart.com/rizzly-216-black-sporty-look-designer-analog-watch-men/p/itmfd20a460d846d?pid=WATFVYGAGEQEQRRG&lid=LSTWATFVYGAGEQEQRRGZRQJNC&marketplace=FLIPKART&store=r18%2Ff13&srno=b_1_38&otracker=hp_omu_Deals%2Bof%2Bthe%2BDay_2_4.dealCard.OMU_A5N6E83IL3KE_3&otracker1=hp_omu_SECTIONED_manualRanking_neo%2Fmerchandising_Deals%2Bof%2Bthe%2BDay_NA_dealCard_cc_2_NA_view-all_3&fm=organic&iid=130b109c-9301-48a5-ad17-301e78169fe6.WATFVYGAGEQEQRRG.SEARCH&ppt=None&ppn=None&ssid=ezlqn15umo0000001622354920763
EDDY HAGER,Rs.217,Rs.1699,https://www.flipkart.com/eddy-hager-eh-167-blue-blue-unique-new-analog-watch-men/p/itm80a94143c12fe?pid=WATFWHRQ9FKAEGBP&lid=LSTWATFWHRQ9FKAEGBPOXZYSE&marketplace=FLIPKART&store=r18%2Ff13&srno=b_1_39&otracker=hp_omu_Deals%2Bof%2Bthe%2BDay_2_4.dealCard.OMU_A5N6E83IL3KE_3&otracker1=hp_omu_SECTIONED_manualRanking_neo%2Fmerchandising_Deals%2Bof%2Bthe%2BDay_NA_dealCard_cc_2_NA_view-all_3&fm=organic&iid=130b109c-9301-48a5-ad17-301e78169fe6.WATFWHRQ9FKAEGBP.SEARCH&ppt=None&ppn=None&ssid=ezlqn15umo0000001622354920763
TIMEWEAR,Rs.229,Rs.799,https://www.flipkart.com/timewear-232bdtg-analog-watch-collection-men/p/itmfg3kgg4srwpzd?pid=WATFG3J2MVRZEVHC&lid=LSTWATFG3J2MVRZEVHCUBWZEK&marketplace=FLIPKART&store=r18%2Ff13&srno=b_1_40&otracker=hp_omu_Deals%2Bof%2Bthe%2BDay_2_4.dealCard.OMU_A5N6E83IL3KE_3&otracker1=hp_omu_SECTIONED_manualRanking_neo%2Fmerchandising_Deals%2Bof%2Bthe%2BDay_NA_dealCard_cc_2_NA_view-all_3&fm=organic&iid=en_5jXLYf4yLUJ1kyLHsHJL11JzNnTBO8m4K35A1ys3OhxNU77crPlgoDJJSJ4orPtetaFjj5ONrdRAGNpfBrv3Jw%3D%3D&ppt=None&ppn=None&ssid=ezlqn15umo0000001622354920763
MAXIMA,Rs.349,Rs.1395,https://www.flipkart.com/maxima-l-63063lmgi-elite-analog-watch-men/p/itma97703c18baa6?pid=WATFWZ63SAH8B7QP&lid=LSTWATFWZ63SAH8B7QP8I25SV&marketplace=FLIPKART&store=r18%2Ff13&srno=b_2_41&otracker=hp_omu_Deals%2Bof%2Bthe%2BDay_2_4.dealCard.OMU_A5N6E83IL3KE_3&otracker1=hp_omu_SECTIONED_manualRanking_neo%2Fmerchandising_Deals%2Bof%2Bthe%2BDay_NA_dealCard_cc_2_NA_view-all_3&fm=organic&iid=31bff3d0-8a3c-450e-88b7-72b127e66db6.WATFWZ63SAH8B7QP.SEARCH&ppt=None&ppn=None&ssid=hdcjt30ykg0000001622354922589
Fastrack,Rs.2600,Rs.3250,https://www.flipkart.com/fastrack-3166km01-all-nighters-analog-watch-men/p/itmf3zhnqzguqscc?pid=WATEWVE5VVBPYBYF&lid=LSTWATEWVE5VVBPYBYFGXTRIB&marketplace=FLIPKART&store=r18%2Ff13&srno=b_2_42&otracker=hp_omu_Deals%2Bof%2Bthe%2BDay_2_4.dealCard.OMU_A5N6E83IL3KE_3&otracker1=hp_omu_SECTIONED_manualRanking_neo%2Fmerchandising_Deals%2Bof%2Bthe%2BDay_NA_dealCard_cc_2_NA_view-all_3&fm=organic&iid=31bff3d0-8a3c-450e-88b7-72b127e66db6.WATEWVE5VVBPYBYF.SEARCH&ppt=None&ppn=None&ssid=hdcjt30ykg0000001622354922589
Allen Solly,Rs.1859,Rs.2698,https://www.flipkart.com/allen-solly-as000019c-analog-watch-couple/p/itma2cd53d4b357c?pid=WATFWVUZXHUNGAC2&lid=LSTWATFWVUZXHUNGAC2P7QIDI&marketplace=FLIPKART&store=r18%2Ff13&srno=b_2_43&otracker=hp_omu_Deals%2Bof%2Bthe%2BDay_2_4.dealCard.OMU_A5N6E83IL3KE_3&otracker1=hp_omu_SECTIONED_manualRanking_neo%2Fmerchandising_Deals%2Bof%2Bthe%2BDay_NA_dealCard_cc_2_NA_view-all_3&fm=organic&iid=31bff3d0-8a3c-450e-88b7-72b127e66db6.WATFWVUZXHUNGAC2.SEARCH&ppt=None&ppn=None&ssid=hdcjt30ykg0000001622354922589
HMTE,Rs.304,Rs.999,https://www.flipkart.com/hmte-hm-3172-day-date-series-analog-watch-men/p/itm82e230782d74b?pid=WATFUKBZHPWYKK3E&lid=LSTWATFUKBZHPWYKK3EK3M9YL&marketplace=FLIPKART&store=r18%2Ff13&srno=b_2_44&otracker=hp_omu_Deals%2Bof%2Bthe%2BDay_2_4.dealCard.OMU_A5N6E83IL3KE_3&otracker1=hp_omu_SECTIONED_manualRanking_neo%2Fmerchandising_Deals%2Bof%2Bthe%2BDay_NA_dealCard_cc_2_NA_view-all_3&fm=organic&iid=en_Z4HCzBnGxuB%2FvrxT%2F0Ima2yF%2FeWwVxIw%2BRWwPx5sYiQtBvJppT%2Fa7CRDzC2thMlGm%2BfhNrECLc6Ok7uA1cNowA%3D%3D&ppt=None&ppn=None&ssid=hdcjt30ykg0000001622354922589
MIKADO,Rs.284,Rs.1999,https://www.flipkart.com/mikado-0-watch-bracelet-analog-women/p/itm1f623cdeda2f9?pid=WATFPHH4AMBBZ3WN&lid=LSTWATFPHH4AMBBZ3WN2OQQWD&marketplace=FLIPKART&store=r18%2Ff13&srno=b_2_45&otracker=hp_omu_Deals%2Bof%2Bthe%2BDay_2_4.dealCard.OMU_A5N6E83IL3KE_3&otracker1=hp_omu_SECTIONED_manualRanking_neo%2Fmerchandising_Deals%2Bof%2Bthe%2BDay_NA_dealCard_cc_2_NA_view-all_3&fm=organic&iid=31bff3d0-8a3c-450e-88b7-72b127e66db6.WATFPHH4AMBBZ3WN.SEARCH&ppt=None&ppn=None&ssid=hdcjt30ykg0000001622354922589
Piaoma,Rs.664,Rs.2995,https://www.flipkart.com/piaoma-ws9094-5-analog-digital-military-full-white-sports-fully-waterproof-digital-watch-men/p/itm7fcf2f8a94c42?pid=WATFNWA8MW9CUDRS&lid=LSTWATFNWA8MW9CUDRSKYM9GZ&marketplace=FLIPKART&store=r18%2Ff13&srno=b_2_46&otracker=hp_omu_Deals%2Bof%2Bthe%2BDay_2_4.dealCard.OMU_A5N6E83IL3KE_3&otracker1=hp_omu_SECTIONED_manualRanking_neo%2Fmerchandising_Deals%2Bof%2Bthe%2BDay_NA_dealCard_cc_2_NA_view-all_3&fm=organic&iid=31bff3d0-8a3c-450e-88b7-72b127e66db6.WATFNWA8MW9CUDRS.SEARCH&ppt=None&ppn=None&ssid=hdcjt30ykg0000001622354922589
Fogg,Rs.284,Rs.1599,https://www.flipkart.com/fogg-2047-bl-day-date-analog-watch-men/p/itmf3zhhzdr6gp3u?pid=WATF2G4MHYYAKWVS&lid=LSTWATF2G4MHYYAKWVSX6R0HI&marketplace=FLIPKART&store=r18%2Ff13&srno=b_2_47&otracker=hp_omu_Deals%2Bof%2Bthe%2BDay_2_4.dealCard.OMU_A5N6E83IL3KE_3&otracker1=hp_omu_SECTIONED_manualRanking_neo%2Fmerchandising_Deals%2Bof%2Bthe%2BDay_NA_dealCard_cc_2_NA_view-all_3&fm=organic&iid=31bff3d0-8a3c-450e-88b7-72b127e66db6.WATF2G4MHYYAKWVS.SEARCH&ppt=None&ppn=None&ssid=hdcjt30ykg0000001622354922589
Fogg,Rs.498,Rs.2199,https://www.flipkart.com/fogg-7007-3-stylish-different-coloured-watch-combo-analog-men/p/itm65f08d0459ba2?pid=WATFKN27KVJHNMFB&lid=LSTWATFKN27KVJHNMFBIS2ZS7&marketplace=FLIPKART&store=r18%2Ff13&srno=b_2_48&otracker=hp_omu_Deals%2Bof%2Bthe%2BDay_2_4.dealCard.OMU_A5N6E83IL3KE_3&otracker1=hp_omu_SECTIONED_manualRanking_neo%2Fmerchandising_Deals%2Bof%2Bthe%2BDay_NA_dealCard_cc_2_NA_view-all_3&fm=organic&iid=en_Z4HCzBnGxuB%2FvrxT%2F0Ima2yF%2FeWwVxIw%2BRWwPx5sYiQzncsXRcgDM93rDOCvKa4p8P3ZMGl5O2oNGEHpdxs6GA%3D%3D&ppt=None&ppn=None&ssid=hdcjt30ykg0000001622354922589
Fastrack,Rs.1865,Rs.2195,https://www.flipkart.com/fastrack-38044pp01-trendies-analog-watch-men/p/itmf6c22anpc7ym8?pid=WATF6C22HZQ6SHYN&lid=LSTWATF6C22HZQ6SHYNFIGUCB&marketplace=FLIPKART&store=r18%2Ff13&srno=b_2_49&otracker=hp_omu_Deals%2Bof%2Bthe%2BDay_2_4.dealCard.OMU_A5N6E83IL3KE_3&otracker1=hp_omu_SECTIONED_manualRanking_neo%2Fmerchandising_Deals%2Bof%2Bthe%2BDay_NA_dealCard_cc_2_NA_view-all_3&fm=organic&iid=31bff3d0-8a3c-450e-88b7-72b127e66db6.WATF6C22HZQ6SHYN.SEARCH&ppt=None&ppn=None&ssid=hdcjt30ykg0000001622354922589
Fogg,Rs.329,Rs.1799,https://www.flipkart.com/fogg-2038-bk-working-day-date-analog-watch-men/p/itm1b2ab7b625b89?pid=WATFZMQFDG7S3XZB&lid=LSTWATFZMQFDG7S3XZBW6POPD&marketplace=FLIPKART&store=r18%2Ff13&srno=b_2_50&otracker=hp_omu_Deals%2Bof%2Bthe%2BDay_2_4.dealCard.OMU_A5N6E83IL3KE_3&otracker1=hp_omu_SECTIONED_manualRanking_neo%2Fmerchandising_Deals%2Bof%2Bthe%2BDay_NA_dealCard_cc_2_NA_view-all_3&fm=organic&iid=31bff3d0-8a3c-450e-88b7-72b127e66db6.WATFZMQFDG7S3XZB.SEARCH&ppt=None&ppn=None&ssid=hdcjt30ykg0000001622354922589
TIMEWEAR,Rs.699,Rs.3499,https://www.flipkart.com/timewear-1283blacktw-military-series-analogue-digital-black-dial-watch-men-analog-digital/p/itmfg6f35cck9gus?pid=WATFG3KWJXVEXZGN&lid=LSTWATFG3KWJXVEXZGNUICYUE&marketplace=FLIPKART&store=r18%2Ff13&srno=b_2_51&otracker=hp_omu_Deals%2Bof%2Bthe%2BDay_2_4.dealCard.OMU_A5N6E83IL3KE_3&otracker1=hp_omu_SECTIONED_manualRanking_neo%2Fmerchandising_Deals%2Bof%2Bthe%2BDay_NA_dealCard_cc_2_NA_view-all_3&fm=organic&iid=31bff3d0-8a3c-450e-88b7-72b127e66db6.WATFG3KWJXVEXZGN.SEARCH&ppt=None&ppn=None&ssid=hdcjt30ykg0000001622354922589
Daniel Jubile,Rs.217,Rs.1499,https://www.flipkart.com/daniel-jubile-bracelet-flower-stone-silver-21st-century-analog-watch-women/p/itm6c3ab8cbaf17d?pid=WATFPEUY3ZVQ3XVN&lid=LSTWATFPEUY3ZVQ3XVNJS1OLU&marketplace=FLIPKART&store=r18%2Ff13&srno=b_2_52&otracker=hp_omu_Deals%2Bof%2Bthe%2BDay_2_4.dealCard.OMU_A5N6E83IL3KE_3&otracker1=hp_omu_SECTIONED_manualRanking_neo%2Fmerchandising_Deals%2Bof%2Bthe%2BDay_NA_dealCard_cc_2_NA_view-all_3&fm=organic&iid=en_Z4HCzBnGxuB%2FvrxT%2F0Ima2yF%2FeWwVxIw%2BRWwPx5sYiR72PNjuBDkcxJwqknNmO0n2cWyQPM3aq5ZOcU6qR5OzQ%3D%3D&ppt=None&ppn=None&ssid=hdcjt30ykg0000001622354922589
MIKADO,Rs.236,Rs.1999,https://www.flipkart.com/mikado-blue-heart-watch-women-analog-girls/p/itm2c2b98a0a2d78?pid=WATFPNQKZXZAZDHE&lid=LSTWATFPNQKZXZAZDHEZWAGW0&marketplace=FLIPKART&store=r18%2Ff13&srno=b_2_53&otracker=hp_omu_Deals%2Bof%2Bthe%2BDay_2_4.dealCard.OMU_A5N6E83IL3KE_3&otracker1=hp_omu_SECTIONED_manualRanking_neo%2Fmerchandising_Deals%2Bof%2Bthe%2BDay_NA_dealCard_cc_2_NA_view-all_3&fm=organic&iid=31bff3d0-8a3c-450e-88b7-72b127e66db6.WATFPNQKZXZAZDHE.SEARCH&ppt=None&ppn=None&ssid=hdcjt30ykg0000001622354922589
HEMT,Rs.537,Rs.2999,https://www.flipkart.com/hemt-gold-dial-date-display-analogue-hm-gr353-gld-ch-analog-watch-men/p/itm5efc1f4fe0569?pid=WATFMTGYFGGEHHWK&lid=LSTWATFMTGYFGGEHHWKL7TVQI&marketplace=FLIPKART&store=r18%2Ff13&srno=b_2_54&otracker=hp_omu_Deals%2Bof%2Bthe%2BDay_2_4.dealCard.OMU_A5N6E83IL3KE_3&otracker1=hp_omu_SECTIONED_manualRanking_neo%2Fmerchandising_Deals%2Bof%2Bthe%2BDay_NA_dealCard_cc_2_NA_view-all_3&fm=organic&iid=31bff3d0-8a3c-450e-88b7-72b127e66db6.WATFMTGYFGGEHHWK.SEARCH&ppt=None&ppn=None&ssid=hdcjt30ykg0000001622354922589
Titan,Rs.1596,Rs.1995,https://www.flipkart.com/titan-nn1773sl01-karishma-analog-watch-men/p/itmba7f147c3dba2?pid=WATF33EEKPZC5BZY&lid=LSTWATF33EEKPZC5BZYUGXBPU&marketplace=FLIPKART&store=r18%2Ff13&srno=b_2_55&otracker=hp_omu_Deals%2Bof%2Bthe%2BDay_2_4.dealCard.OMU_A5N6E83IL3KE_3&otracker1=hp_omu_SECTIONED_manualRanking_neo%2Fmerchandising_Deals%2Bof%2Bthe%2BDay_NA_dealCard_cc_2_NA_view-all_3&fm=organic&iid=31bff3d0-8a3c-450e-88b7-72b127e66db6.WATF33EEKPZC5BZY.SEARCH&ppt=None&ppn=None&ssid=hdcjt30ykg0000001622354922589
TIMEWEAR,Rs.229,Rs.799,https://www.flipkart.com/timewear-233wdtg-analog-watch-collection-men/p/itmfg3kggezshetu?pid=WATFG3JFZJ2EVPHQ&lid=LSTWATFG3JFZJ2EVPHQYLOQBL&marketplace=FLIPKART&store=r18%2Ff13&srno=b_2_56&otracker=hp_omu_Deals%2Bof%2Bthe%2BDay_2_4.dealCard.OMU_A5N6E83IL3KE_3&otracker1=hp_omu_SECTIONED_manualRanking_neo%2Fmerchandising_Deals%2Bof%2Bthe%2BDay_NA_dealCard_cc_2_NA_view-all_3&fm=organic&iid=en_Z4HCzBnGxuB%2FvrxT%2F0Ima2yF%2FeWwVxIw%2BRWwPx5sYiQb08e9d9e3Wbv%2FnTCDjUgUKu8uhQNDi3KTA8Plse1jVQ%3D%3D&ppt=None&ppn=None&ssid=hdcjt30ykg0000001622354922589
Fastrack,Rs.1440,Rs.1695,https://www.flipkart.com/fastrack-68007pp03-trendies-analog-watch-women/p/itmf6c29srzwhkjj?pid=WATF6C29FBEKDSUU&lid=LSTWATF6C29FBEKDSUUJZXWHN&marketplace=FLIPKART&store=r18%2Ff13&srno=b_2_57&otracker=hp_omu_Deals%2Bof%2Bthe%2BDay_2_4.dealCard.OMU_A5N6E83IL3KE_3&otracker1=hp_omu_SECTIONED_manualRanking_neo%2Fmerchandising_Deals%2Bof%2Bthe%2BDay_NA_dealCard_cc_2_NA_view-all_3&fm=organic&iid=31bff3d0-8a3c-450e-88b7-72b127e66db6.WATF6C29FBEKDSUU.SEARCH&ppt=None&ppn=None&ssid=hdcjt30ykg0000001622354922589
HAMT,Rs.296,Rs.1999,https://www.flipkart.com/hamt-silver-dial-analog-watch-ht-gr811-blk-ch-hybrid-men-smartwatch/p/itmf3b4c426a7f82?pid=WATFY9SZDQAZFJGW&lid=LSTWATFY9SZDQAZFJGWMEHEGK&marketplace=FLIPKART&store=r18%2Ff13&srno=b_2_58&otracker=hp_omu_Deals%2Bof%2Bthe%2BDay_2_4.dealCard.OMU_A5N6E83IL3KE_3&otracker1=hp_omu_SECTIONED_manualRanking_neo%2Fmerchandising_Deals%2Bof%2Bthe%2BDay_NA_dealCard_cc_2_NA_view-all_3&fm=organic&iid=31bff3d0-8a3c-450e-88b7-72b127e66db6.WATFY9SZDQAZFJGW.SEARCH&ppt=None&ppn=None&ssid=hdcjt30ykg0000001622354922589
EDDY HAGER,Rs.208,Rs.1699,https://www.flipkart.com/eddy-hager-eh-167-black-black-unique-new-analog-watch-men/p/itm662bae249a0ae?pid=WATFWHRQZVGYNMQQ&lid=LSTWATFWHRQZVGYNMQQSUBQ54&marketplace=FLIPKART&store=r18%2Ff13&srno=b_2_59&otracker=hp_omu_Deals%2Bof%2Bthe%2BDay_2_4.dealCard.OMU_A5N6E83IL3KE_3&otracker1=hp_omu_SECTIONED_manualRanking_neo%2Fmerchandising_Deals%2Bof%2Bthe%2BDay_NA_dealCard_cc_2_NA_view-all_3&fm=organic&iid=31bff3d0-8a3c-450e-88b7-72b127e66db6.WATFWHRQZVGYNMQQ.SEARCH&ppt=None&ppn=None&ssid=hdcjt30ykg0000001622354922589
Daniel Jubile,Rs.217,Rs.1499,https://www.flipkart.com/daniel-jubile-bracelet-flower-stone-rose-gold-21st-century-analog-watch-women/p/itm38762c94e3a7f?pid=WATFPEUYQXMTGQZR&lid=LSTWATFPEUYQXMTGQZRQY0JA0&marketplace=FLIPKART&store=r18%2Ff13&srno=b_2_60&otracker=hp_omu_Deals%2Bof%2Bthe%2BDay_2_4.dealCard.OMU_A5N6E83IL3KE_3&otracker1=hp_omu_SECTIONED_manualRanking_neo%2Fmerchandising_Deals%2Bof%2Bthe%2BDay_NA_dealCard_cc_2_NA_view-all_3&fm=organic&iid=en_Z4HCzBnGxuB%2FvrxT%2F0Ima2yF%2FeWwVxIw%2BRWwPx5sYiTPjZ4tqDcsm8EIIU9aciuAFdj97wTo6vXDbjeS9%2Ftzzw%3D%3D&ppt=None&ppn=None&ssid=hdcjt30ykg0000001622354922589
Daniel Jubile,Rs.227,Rs.1499,https://www.flipkart.com/daniel-jubile-men-s-steel-chain-rb02-silver-black-new-stylis-all-looks-sports-design-analog-watch-men/p/itme884565f2d511?pid=WATFVEH2EGTZZUHF&lid=LSTWATFVEH2EGTZZUHFP54ZRN&marketplace=FLIPKART&store=r18%2Ff13&srno=b_2_61&otracker=hp_omu_Deals%2Bof%2Bthe%2BDay_2_4.dealCard.OMU_A5N6E83IL3KE_3&otracker1=hp_omu_SECTIONED_manualRanking_neo%2Fmerchandising_Deals%2Bof%2Bthe%2BDay_NA_dealCard_cc_2_NA_view-all_3&fm=organic&iid=31bff3d0-8a3c-450e-88b7-72b127e66db6.WATFVEH2EGTZZUHF.SEARCH&ppt=None&ppn=None&ssid=hdcjt30ykg0000001622354922589
POLO HUNTER,Rs.341,Rs.1599,https://www.flipkart.com/polo-hunter-ph-1424-modern-colletion-combo-analog-watch-men/p/itmf3zgfbvxjpxyz?pid=WATEWGRKBN23FT23&lid=LSTWATEWGRKBN23FT23RRDZE4&marketplace=FLIPKART&store=r18%2Ff13&srno=b_2_62&otracker=hp_omu_Deals%2Bof%2Bthe%2BDay_2_4.dealCard.OMU_A5N6E83IL3KE_3&otracker1=hp_omu_SECTIONED_manualRanking_neo%2Fmerchandising_Deals%2Bof%2Bthe%2BDay_NA_dealCard_cc_2_NA_view-all_3&fm=organic&iid=31bff3d0-8a3c-450e-88b7-72b127e66db6.WATEWGRKBN23FT23.SEARCH&ppt=None&ppn=None&ssid=hdcjt30ykg0000001622354922589
SONATA,Rs.623,Rs.874,https://www.flipkart.com/sonata-8172sl03-analog-watch-women/p/itm209aef70394cc?pid=WATFVN35HGSF9ZW9&lid=LSTWATFVN35HGSF9ZW9OLVSM1&marketplace=FLIPKART&store=r18%2Ff13&srno=b_2_63&otracker=hp_omu_Deals%2Bof%2Bthe%2BDay_2_4.dealCard.OMU_A5N6E83IL3KE_3&otracker1=hp_omu_SECTIONED_manualRanking_neo%2Fmerchandising_Deals%2Bof%2Bthe%2BDay_NA_dealCard_cc_2_NA_view-all_3&fm=organic&iid=31bff3d0-8a3c-450e-88b7-72b127e66db6.WATFVN35HGSF9ZW9.SEARCH&ppt=None&ppn=None&ssid=hdcjt30ykg0000001622354922589
LIMESTONE,Rs.599,Rs.4099,https://www.flipkart.com/limestone-ls2811-day-date-original-gold-plated-quartz-analog-watch-men/p/itmfgtf6dg7hz6hz?pid=WATFGSPSQQZVSCUR&lid=LSTWATFGSPSQQZVSCURHFVDBD&marketplace=FLIPKART&store=r18%2Ff13&srno=b_2_64&otracker=hp_omu_Deals%2Bof%2Bthe%2BDay_2_4.dealCard.OMU_A5N6E83IL3KE_3&otracker1=hp_omu_SECTIONED_manualRanking_neo%2Fmerchandising_Deals%2Bof%2Bthe%2BDay_NA_dealCard_cc_2_NA_view-all_3&fm=organic&iid=en_Z4HCzBnGxuB%2FvrxT%2F0Ima2yF%2FeWwVxIw%2BRWwPx5sYiSI%2FhktBNMwyug1f0sF5rZCTM7JFjAWdkCmyO%2FEYsp3Pw%3D%3D&ppt=None&ppn=None&ssid=hdcjt30ykg0000001622354922589
Fastrack,Rs.1646,Rs.2195,https://www.flipkart.com/fastrack-38044pp03-trendies-analog-watch-men/p/itmf6c22sks3hhy3?pid=WATF6C22EGWBHCXX&lid=LSTWATF6C22EGWBHCXXCXZ90D&marketplace=FLIPKART&store=r18%2Ff13&srno=b_2_65&otracker=hp_omu_Deals%2Bof%2Bthe%2BDay_2_4.dealCard.OMU_A5N6E83IL3KE_3&otracker1=hp_omu_SECTIONED_manualRanking_neo%2Fmerchandising_Deals%2Bof%2Bthe%2BDay_NA_dealCard_cc_2_NA_view-all_3&fm=organic&iid=31bff3d0-8a3c-450e-88b7-72b127e66db6.WATF6C22EGWBHCXX.SEARCH&ppt=None&ppn=None&ssid=hdcjt30ykg0000001622354922589
Embassy,Rs.349,Rs.1599,https://www.flipkart.com/embassy-black-blue-stain-less-steel-strap-analog-watch-men/p/itmfhdc8bvcsrjku?pid=WATFHCUGWSMZVG2G&lid=LSTWATFHCUGWSMZVG2GKU9F12&marketplace=FLIPKART&store=r18%2Ff13&srno=b_2_66&otracker=hp_omu_Deals%2Bof%2Bthe%2BDay_2_4.dealCard.OMU_A5N6E83IL3KE_3&otracker1=hp_omu_SECTIONED_manualRanking_neo%2Fmerchandising_Deals%2Bof%2Bthe%2BDay_NA_dealCard_cc_2_NA_view-all_3&fm=organic&iid=31bff3d0-8a3c-450e-88b7-72b127e66db6.WATFHCUGWSMZVG2G.SEARCH&ppt=None&ppn=None&ssid=hdcjt30ykg0000001622354922589
LIMESTONE,Rs.322,Rs.1999,https://www.flipkart.com/limestone-ls2820-bleed-blue-day-date-functioning-steel-strap-adult-boys-analog-watch-men/p/itmfhjfgyghmt2mz?pid=WATFHJCZFK2F95HT&lid=LSTWATFHJCZFK2F95HTVWUJHY&marketplace=FLIPKART&store=r18%2Ff13&srno=b_2_67&otracker=hp_omu_Deals%2Bof%2Bthe%2BDay_2_4.dealCard.OMU_A5N6E83IL3KE_3&otracker1=hp_omu_SECTIONED_manualRanking_neo%2Fmerchandising_Deals%2Bof%2Bthe%2BDay_NA_dealCard_cc_2_NA_view-all_3&fm=organic&iid=31bff3d0-8a3c-450e-88b7-72b127e66db6.WATFHJCZFK2F95HT.SEARCH&ppt=None&ppn=None&ssid=hdcjt30ykg0000001622354922589
Fogg,Rs.312,Rs.2599,https://www.flipkart.com/fogg-1140-br-brown-day-date-analog-watch-men/p/itmf4zhzge2c9nft?pid=WATF4ZDBHXGP6FGZ&lid=LSTWATF4ZDBHXGP6FGZACP3AL&marketplace=FLIPKART&store=r18%2Ff13&srno=b_2_68&otracker=hp_omu_Deals%2Bof%2Bthe%2BDay_2_4.dealCard.OMU_A5N6E83IL3KE_3&otracker1=hp_omu_SECTIONED_manualRanking_neo%2Fmerchandising_Deals%2Bof%2Bthe%2BDay_NA_dealCard_cc_2_NA_view-all_3&fm=organic&iid=en_Z4HCzBnGxuB%2FvrxT%2F0Ima2yF%2FeWwVxIw%2BRWwPx5sYiTKsv0yHA0V5DYLq1sdF1iRZc%2FuYi3ydJk5uTvpeDRZQg%3D%3D&ppt=None&ppn=None&ssid=hdcjt30ykg0000001622354922589
MAXIMA,Rs.937,Rs.2099,https://www.flipkart.com/maxima-o-46863cmgi-analog-watch-men/p/itmf3zgzevvmrb6h?pid=WATFYHKG98VKHKRD&lid=LSTWATFYHKG98VKHKRDQOIQTG&marketplace=FLIPKART&store=r18%2Ff13&srno=b_2_69&otracker=hp_omu_Deals%2Bof%2Bthe%2BDay_2_4.dealCard.OMU_A5N6E83IL3KE_3&otracker1=hp_omu_SECTIONED_manualRanking_neo%2Fmerchandising_Deals%2Bof%2Bthe%2BDay_NA_dealCard_cc_2_NA_view-all_3&fm=organic&iid=31bff3d0-8a3c-450e-88b7-72b127e66db6.WATFYHKG98VKHKRD.SEARCH&ppt=None&ppn=None&ssid=hdcjt30ykg0000001622354922589
Daniel Jubile,Rs.217,Rs.1499,https://www.flipkart.com/daniel-jubile-exclusive-choice-silver-diamond-studded-rose-gold-new-analog-watch-girls/p/itm8bf68d04c23ed?pid=WATFSG2PXBSGGXFH&lid=LSTWATFSG2PXBSGGXFHY2JZM5&marketplace=FLIPKART&store=r18%2Ff13&srno=b_2_70&otracker=hp_omu_Deals%2Bof%2Bthe%2BDay_2_4.dealCard.OMU_A5N6E83IL3KE_3&otracker1=hp_omu_SECTIONED_manualRanking_neo%2Fmerchandising_Deals%2Bof%2Bthe%2BDay_NA_dealCard_cc_2_NA_view-all_3&fm=organic&iid=31bff3d0-8a3c-450e-88b7-72b127e66db6.WATFSG2PXBSGGXFH.SEARCH&ppt=None&ppn=None&ssid=hdcjt30ykg0000001622354922589
LIMESTONE,Rs.322,Rs.1999,https://www.flipkart.com/limestone-ls2803-all-black-mesh-strap-day-date-functioning-quartz-analog-watch-men/p/itmfgebnsy2a7ape?pid=WATFGEA6WJCWRSKA&lid=LSTWATFGEA6WJCWRSKAOUB3BP&marketplace=FLIPKART&store=r18%2Ff13&srno=b_2_71&otracker=hp_omu_Deals%2Bof%2Bthe%2BDay_2_4.dealCard.OMU_A5N6E83IL3KE_3&otracker1=hp_omu_SECTIONED_manualRanking_neo%2Fmerchandising_Deals%2Bof%2Bthe%2BDay_NA_dealCard_cc_2_NA_view-all_3&fm=organic&iid=31bff3d0-8a3c-450e-88b7-72b127e66db6.WATFGEA6WJCWRSKA.SEARCH&ppt=None&ppn=None&ssid=hdcjt30ykg0000001622354922589
TIMEWEAR,Rs.229,Rs.799,https://www.flipkart.com/timewear-232bdtg-analog-watch-collection-men/p/itmfg3kgg4srwpzd?pid=WATFG3J2MVRZEVHC&lid=LSTWATFG3J2MVRZEVHCUBWZEK&marketplace=FLIPKART&store=r18%2Ff13&srno=b_2_72&otracker=hp_omu_Deals%2Bof%2Bthe%2BDay_2_4.dealCard.OMU_A5N6E83IL3KE_3&otracker1=hp_omu_SECTIONED_manualRanking_neo%2Fmerchandising_Deals%2Bof%2Bthe%2BDay_NA_dealCard_cc_2_NA_view-all_3&fm=organic&iid=en_Z4HCzBnGxuB%2FvrxT%2F0Ima2yF%2FeWwVxIw%2BRWwPx5sYiS%2B2F3tCVcmcREWl2PJsnJ7WfHIdMJCzs6W9B3rKmtkJA%3D%3D&ppt=None&ppn=None&ssid=hdcjt30ykg0000001622354922589
IMARA,Rs.947,Rs.2099,https://www.flipkart.com/imara-imara042-b-analog-watch-women/p/itm145c4c6b2b39d?pid=WATFVMDSYHHC2SGE&lid=LSTWATFVMDSYHHC2SGESNSPJX&marketplace=FLIPKART&store=r18%2Ff13&srno=b_2_73&otracker=hp_omu_Deals%2Bof%2Bthe%2BDay_2_4.dealCard.OMU_A5N6E83IL3KE_3&otracker1=hp_omu_SECTIONED_manualRanking_neo%2Fmerchandising_Deals%2Bof%2Bthe%2BDay_NA_dealCard_cc_2_NA_view-all_3&fm=organic&iid=31bff3d0-8a3c-450e-88b7-72b127e66db6.WATFVMDSYHHC2SGE.SEARCH&ppt=None&ppn=None&ssid=hdcjt30ykg0000001622354922589
Rizzly,Rs.229,Rs.1299,https://www.flipkart.com/rizzly-43-mate-blue-shined-casual-boys-designer-analog-watch-men/p/itmf8d3be94183e4?pid=WATFST5U5NXWNSGN&lid=LSTWATFST5U5NXWNSGNZ8TDMU&marketplace=FLIPKART&store=r18%2Ff13&srno=b_2_74&otracker=hp_omu_Deals%2Bof%2Bthe%2BDay_2_4.dealCard.OMU_A5N6E83IL3KE_3&otracker1=hp_omu_SECTIONED_manualRanking_neo%2Fmerchandising_Deals%2Bof%2Bthe%2BDay_NA_dealCard_cc_2_NA_view-all_3&fm=organic&iid=31bff3d0-8a3c-450e-88b7-72b127e66db6.WATFST5U5NXWNSGN.SEARCH&ppt=None&ppn=None&ssid=hdcjt30ykg0000001622354922589
Fogg,Rs.331,Rs.1799,https://www.flipkart.com/fogg-2038-bl-day-date-analog-watch-men/p/itm801665c1af39a?pid=WATEYMAFNQHAUTKB&lid=LSTWATEYMAFNQHAUTKBOFRVII&marketplace=FLIPKART&store=r18%2Ff13&srno=b_2_75&otracker=hp_omu_Deals%2Bof%2Bthe%2BDay_2_4.dealCard.OMU_A5N6E83IL3KE_3&otracker1=hp_omu_SECTIONED_manualRanking_neo%2Fmerchandising_Deals%2Bof%2Bthe%2BDay_NA_dealCard_cc_2_NA_view-all_3&fm=organic&iid=31bff3d0-8a3c-450e-88b7-72b127e66db6.WATEYMAFNQHAUTKB.SEARCH&ppt=None&ppn=None&ssid=hdcjt30ykg0000001622354922589
Fogg,Rs.664,Rs.3199,https://www.flipkart.com/fogg-5070-bl-blue-day-date-analog-watch-couple/p/itmf5e5cyjucpkyc?pid=WATF5DUPZ6NQXMFH&lid=LSTWATF5DUPZ6NQXMFH3PFG74&marketplace=FLIPKART&store=r18%2Ff13&srno=b_2_76&otracker=hp_omu_Deals%2Bof%2Bthe%2BDay_2_4.dealCard.OMU_A5N6E83IL3KE_3&otracker1=hp_omu_SECTIONED_manualRanking_neo%2Fmerchandising_Deals%2Bof%2Bthe%2BDay_NA_dealCard_cc_2_NA_view-all_3&fm=organic&iid=en_Z4HCzBnGxuB%2FvrxT%2F0Ima2yF%2FeWwVxIw%2BRWwPx5sYiT1KNdAfO1ND%2FVj4gMZADvzKK%2Fys2zwRTvVsq68wURyCw%3D%3D&ppt=None&ppn=None&ssid=hdcjt30ykg0000001622354922589
HEMT,Rs.598,Rs.2999,https://www.flipkart.com/hemt-gold-dial-watch-hm-gsq214-gld-gld-analog-men/p/itm91594ff265e86?pid=WATFYMF8MGZYVJ4J&lid=LSTWATFYMF8MGZYVJ4J0UVUSA&marketplace=FLIPKART&store=r18%2Ff13&srno=b_2_77&otracker=hp_omu_Deals%2Bof%2Bthe%2BDay_2_4.dealCard.OMU_A5N6E83IL3KE_3&otracker1=hp_omu_SECTIONED_manualRanking_neo%2Fmerchandising_Deals%2Bof%2Bthe%2BDay_NA_dealCard_cc_2_NA_view-all_3&fm=organic&iid=31bff3d0-8a3c-450e-88b7-72b127e66db6.WATFYMF8MGZYVJ4J.SEARCH&ppt=None&ppn=None&ssid=hdcjt30ykg0000001622354922589
Carson,Rs.269,Rs.1499,https://www.flipkart.com/carson-cr2000blk-all-black-analog-watch-men/p/itm5175412bbf539?pid=WATFMUKYMPGYWEK7&lid=LSTWATFMUKYMPGYWEK7OHGLEO&marketplace=FLIPKART&store=r18%2Ff13&srno=b_2_78&otracker=hp_omu_Deals%2Bof%2Bthe%2BDay_2_4.dealCard.OMU_A5N6E83IL3KE_3&otracker1=hp_omu_SECTIONED_manualRanking_neo%2Fmerchandising_Deals%2Bof%2Bthe%2BDay_NA_dealCard_cc_2_NA_view-all_3&fm=organic&iid=31bff3d0-8a3c-450e-88b7-72b127e66db6.WATFMUKYMPGYWEK7.SEARCH&ppt=None&ppn=None&ssid=hdcjt30ykg0000001622354922589
TIMEWEAR,Rs.399,Rs.2199,https://www.flipkart.com/timewear-175bdccstg-1-slim-series-analog-watch-men/p/itm88eae719c0280?pid=WATFGNS6N4EWNUUT&lid=LSTWATFGNS6N4EWNUUT1IPAFO&marketplace=FLIPKART&store=r18%2Ff13&srno=b_2_79&otracker=hp_omu_Deals%2Bof%2Bthe%2BDay_2_4.dealCard.OMU_A5N6E83IL3KE_3&otracker1=hp_omu_SECTIONED_manualRanking_neo%2Fmerchandising_Deals%2Bof%2Bthe%2BDay_NA_dealCard_cc_2_NA_view-all_3&fm=organic&iid=31bff3d0-8a3c-450e-88b7-72b127e66db6.WATFGNS6N4EWNUUT.SEARCH&ppt=None&ppn=None&ssid=hdcjt30ykg0000001622354922589
Fogg,Rs.331,Rs.2599,https://www.flipkart.com/fogg-2049-wh-white-day-date-analog-watch-men/p/itm622e7c1a8eecb?pid=WATF4N8GF2WXGM74&lid=LSTWATF4N8GF2WXGM747PSNQH&marketplace=FLIPKART&store=r18%2Ff13&srno=b_2_80&otracker=hp_omu_Deals%2Bof%2Bthe%2BDay_2_4.dealCard.OMU_A5N6E83IL3KE_3&otracker1=hp_omu_SECTIONED_manualRanking_neo%2Fmerchandising_Deals%2Bof%2Bthe%2BDay_NA_dealCard_cc_2_NA_view-all_3&fm=organic&iid=en_Z4HCzBnGxuB%2FvrxT%2F0Ima2yF%2FeWwVxIw%2BRWwPx5sYiTCNnRTuf1gDGRTrlINgyjEeTD9iu7unKHXpibZ4bK6og%3D%3D&ppt=None&ppn=None&ssid=hdcjt30ykg0000001622354922589
Fogg,Rs.664,Rs.3199,https://www.flipkart.com/fogg-5070-bl-blue-day-date-analog-watch-couple/p/itmf5e5cyjucpkyc?pid=WATF5DUPZ6NQXMFH&lid=LSTWATF5DUPZ6NQXMFH3PFG74&marketplace=FLIPKART&store=r18%2Ff13&srno=b_3_81&otracker=hp_omu_Deals%2Bof%2Bthe%2BDay_2_4.dealCard.OMU_A5N6E83IL3KE_3&otracker1=hp_omu_SECTIONED_manualRanking_neo%2Fmerchandising_Deals%2Bof%2Bthe%2BDay_NA_dealCard_cc_2_NA_view-all_3&fm=organic&iid=e1bbebde-bcdd-45d4-b141-5d1fdefe5951.WATF5DUPZ6NQXMFH.SEARCH&ppt=None&ppn=None&ssid=x5p91c4u740000001622354924044
HENCY,Rs.284,Rs.999,https://www.flipkart.com/hency-492-king-br-1-new-designer-watch-one-king-combo-men-boys-analog/p/itm7139e2d9522db?pid=WATFZHYWZXAAEWNB&lid=LSTWATFZHYWZXAAEWNBG08H3E&marketplace=FLIPKART&store=r18%2Ff13&srno=b_3_82&otracker=hp_omu_Deals%2Bof%2Bthe%2BDay_2_4.dealCard.OMU_A5N6E83IL3KE_3&otracker1=hp_omu_SECTIONED_manualRanking_neo%2Fmerchandising_Deals%2Bof%2Bthe%2BDay_NA_dealCard_cc_2_NA_view-all_3&fm=organic&iid=e1bbebde-bcdd-45d4-b141-5d1fdefe5951.WATFZHYWZXAAEWNB.SEARCH&ppt=None&ppn=None&ssid=x5p91c4u740000001622354924044
SONATA,Rs.776,Rs.874,https://www.flipkart.com/sonata-8172sl01-analog-watch-women/p/itmfc29bc2910051?pid=WATFVN35K8U63KDT&lid=LSTWATFVN35K8U63KDTKO0YVE&marketplace=FLIPKART&store=r18%2Ff13&srno=b_3_83&otracker=hp_omu_Deals%2Bof%2Bthe%2BDay_2_4.dealCard.OMU_A5N6E83IL3KE_3&otracker1=hp_omu_SECTIONED_manualRanking_neo%2Fmerchandising_Deals%2Bof%2Bthe%2BDay_NA_dealCard_cc_2_NA_view-all_3&fm=organic&iid=e1bbebde-bcdd-45d4-b141-5d1fdefe5951.WATFVN35K8U63KDT.SEARCH&ppt=None&ppn=None&ssid=x5p91c4u740000001622354924044
HMTE,Rs.304,Rs.999,https://www.flipkart.com/hmte-hm-3172-day-date-series-analog-watch-men/p/itm82e230782d74b?pid=WATFUKBZHPWYKK3E&lid=LSTWATFUKBZHPWYKK3EK3M9YL&marketplace=FLIPKART&store=r18%2Ff13&srno=b_3_84&otracker=hp_omu_Deals%2Bof%2Bthe%2BDay_2_4.dealCard.OMU_A5N6E83IL3KE_3&otracker1=hp_omu_SECTIONED_manualRanking_neo%2Fmerchandising_Deals%2Bof%2Bthe%2BDay_NA_dealCard_cc_2_NA_view-all_3&fm=organic&iid=en_%2FcTQJus0BuNgJv%2Bbw2fL%2BqGbwwnWwPAQ6%2BlFQtZcjSqDHJtfmEzI3Hqn68hmxzT%2Fm%2BfhNrECLc6Ok7uA1cNowA%3D%3D&ppt=None&ppn=None&ssid=x5p91c4u740000001622354924044
MIKADO,Rs.305,Rs.2299,https://www.flipkart.com/mikado-pink-alice-watch-comb-set-women-analog/p/itmb067a0eef2daa?pid=WATFGNMJKHCEHU8N&lid=LSTWATFGNMJKHCEHU8NJXSFVG&marketplace=FLIPKART&store=r18%2Ff13&srno=b_3_85&otracker=hp_omu_Deals%2Bof%2Bthe%2BDay_2_4.dealCard.OMU_A5N6E83IL3KE_3&otracker1=hp_omu_SECTIONED_manualRanking_neo%2Fmerchandising_Deals%2Bof%2Bthe%2BDay_NA_dealCard_cc_2_NA_view-all_3&fm=organic&iid=e1bbebde-bcdd-45d4-b141-5d1fdefe5951.WATFGNMJKHCEHU8N.SEARCH&ppt=None&ppn=None&ssid=x5p91c4u740000001622354924044
Rizzly,Rs.349,Rs.1499,https://www.flipkart.com/rizzly-142-black-flower-designed-girls-women-analog-watch/p/itm924896c9b5e23?pid=WATFYHMZDNTVFMAZ&lid=LSTWATFYHMZDNTVFMAZPFS6JH&marketplace=FLIPKART&store=r18%2Ff13&srno=b_3_86&otracker=hp_omu_Deals%2Bof%2Bthe%2BDay_2_4.dealCard.OMU_A5N6E83IL3KE_3&otracker1=hp_omu_SECTIONED_manualRanking_neo%2Fmerchandising_Deals%2Bof%2Bthe%2BDay_NA_dealCard_cc_2_NA_view-all_3&fm=organic&iid=e1bbebde-bcdd-45d4-b141-5d1fdefe5951.WATFYHMZDNTVFMAZ.SEARCH&ppt=None&ppn=None&ssid=x5p91c4u740000001622354924044
Rizzly,Rs.199,Rs.1299,https://www.flipkart.com/rizzly-216-brown-sporty-look-designer-analog-watch-men/p/itm061ab5fcb5ae6?pid=WATFVYGABHXVF6HH&lid=LSTWATFVYGABHXVF6HHZNTVB5&marketplace=FLIPKART&store=r18%2Ff13&srno=b_3_87&otracker=hp_omu_Deals%2Bof%2Bthe%2BDay_2_4.dealCard.OMU_A5N6E83IL3KE_3&otracker1=hp_omu_SECTIONED_manualRanking_neo%2Fmerchandising_Deals%2Bof%2Bthe%2BDay_NA_dealCard_cc_2_NA_view-all_3&fm=organic&iid=e1bbebde-bcdd-45d4-b141-5d1fdefe5951.WATFVYGABHXVF6HH.SEARCH&ppt=None&ppn=None&ssid=x5p91c4u740000001622354924044
EDDY HAGER,Rs.341,Rs.2599,https://www.flipkart.com/eddy-hager-eh-226-sl-silver-day-date-analog-watch-men/p/itmbbd6924f1d368?pid=WATFNGVVPGJEBKD2&lid=LSTWATFNGVVPGJEBKD2SMDUYP&marketplace=FLIPKART&store=r18%2Ff13&srno=b_3_88&otracker=hp_omu_Deals%2Bof%2Bthe%2BDay_2_4.dealCard.OMU_A5N6E83IL3KE_3&otracker1=hp_omu_SECTIONED_manualRanking_neo%2Fmerchandising_Deals%2Bof%2Bthe%2BDay_NA_dealCard_cc_2_NA_view-all_3&fm=organic&iid=en_%2FcTQJus0BuNgJv%2Bbw2fL%2BqGbwwnWwPAQ6%2BlFQtZcjSrbscAy0XiZMGg3lkLUkAkLtf%2FB0nXsa%2Bcjic10gDHw4w%3D%3D&ppt=None&ppn=None&ssid=x5p91c4u740000001622354924044
SONATA,Rs.655,Rs.874,https://www.flipkart.com/sonata-8172sl05-analog-watch-women/p/itm28e56e3d721ae?pid=WATFVN35QWYX4RAB&lid=LSTWATFVN35QWYX4RABIDIYVU&marketplace=FLIPKART&store=r18%2Ff13&srno=b_3_89&otracker=hp_omu_Deals%2Bof%2Bthe%2BDay_2_4.dealCard.OMU_A5N6E83IL3KE_3&otracker1=hp_omu_SECTIONED_manualRanking_neo%2Fmerchandising_Deals%2Bof%2Bthe%2BDay_NA_dealCard_cc_2_NA_view-all_3&fm=organic&iid=e1bbebde-bcdd-45d4-b141-5d1fdefe5951.WATFVN35QWYX4RAB.SEARCH&ppt=None&ppn=None&ssid=x5p91c4u740000001622354924044
HEMT,Rs.563,Rs.2499,https://www.flipkart.com/hemt-hm-gr095-gld-slv-analog-watch-men/p/itmfcpfgd3bfq8gz?pid=WATFCZ68FBBGWZD8&lid=LSTWATFCZ68FBBGWZD8LOICUN&marketplace=FLIPKART&store=r18%2Ff13&srno=b_3_90&otracker=hp_omu_Deals%2Bof%2Bthe%2BDay_2_4.dealCard.OMU_A5N6E83IL3KE_3&otracker1=hp_omu_SECTIONED_manualRanking_neo%2Fmerchandising_Deals%2Bof%2Bthe%2BDay_NA_dealCard_cc_2_NA_view-all_3&fm=organic&iid=e1bbebde-bcdd-45d4-b141-5d1fdefe5951.WATFCZ68FBBGWZD8.SEARCH&ppt=None&ppn=None&ssid=x5p91c4u740000001622354924044
Septem,Rs.349,Rs.1499,https://www.flipkart.com/septem-142-black-flower-designed-girls-women-analog-watch/p/itmab92a76e5c540?pid=WATGF7B6CFC7UJ2H&lid=LSTWATGF7B6CFC7UJ2HXYBGJA&marketplace=FLIPKART&store=r18%2Ff13&srno=b_3_91&otracker=hp_omu_Deals%2Bof%2Bthe%2BDay_2_4.dealCard.OMU_A5N6E83IL3KE_3&otracker1=hp_omu_SECTIONED_manualRanking_neo%2Fmerchandising_Deals%2Bof%2Bthe%2BDay_NA_dealCard_cc_2_NA_view-all_3&fm=organic&iid=e1bbebde-bcdd-45d4-b141-5d1fdefe5951.WATGF7B6CFC7UJ2H.SEARCH&ppt=None&ppn=None&ssid=x5p91c4u740000001622354924044
Fogg,Rs.498,Rs.2199,https://www.flipkart.com/fogg-7007-3-stylish-different-coloured-watch-combo-analog-men/p/itm65f08d0459ba2?pid=WATFKN27KVJHNMFB&lid=LSTWATFKN27KVJHNMFBIS2ZS7&marketplace=FLIPKART&store=r18%2Ff13&srno=b_3_92&otracker=hp_omu_Deals%2Bof%2Bthe%2BDay_2_4.dealCard.OMU_A5N6E83IL3KE_3&otracker1=hp_omu_SECTIONED_manualRanking_neo%2Fmerchandising_Deals%2Bof%2Bthe%2BDay_NA_dealCard_cc_2_NA_view-all_3&fm=organic&iid=en_%2FcTQJus0BuNgJv%2Bbw2fL%2BqGbwwnWwPAQ6%2BlFQtZcjSq3qrCo3238KRaVETBCp7ru8P3ZMGl5O2oNGEHpdxs6GA%3D%3D&ppt=None&ppn=None&ssid=x5p91c4u740000001622354924044
MIKADO,Rs.284,Rs.1999,https://www.flipkart.com/mikado-blue-heart-analog-watch-women-bracelet/p/itmf6d00c3e9f12f?pid=WATFPHH32GG4PHME&lid=LSTWATFPHH32GG4PHMEI3CFBD&marketplace=FLIPKART&store=r18%2Ff13&srno=b_3_93&otracker=hp_omu_Deals%2Bof%2Bthe%2BDay_2_4.dealCard.OMU_A5N6E83IL3KE_3&otracker1=hp_omu_SECTIONED_manualRanking_neo%2Fmerchandising_Deals%2Bof%2Bthe%2BDay_NA_dealCard_cc_2_NA_view-all_3&fm=organic&iid=e1bbebde-bcdd-45d4-b141-5d1fdefe5951.WATFPHH32GG4PHME.SEARCH&ppt=None&ppn=None&ssid=x5p91c4u740000001622354924044
MIKADO,Rs.189,Rs.1699,https://www.flipkart.com/mikado-tiara-fashion-lifestyle-queen-analog-watch-girls-women/p/itmf6nngryungf6p?pid=WATF6NHBTGZPDDFS&lid=LSTWATF6NHBTGZPDDFS6TKO5D&marketplace=FLIPKART&store=r18%2Ff13&srno=b_3_94&otracker=hp_omu_Deals%2Bof%2Bthe%2BDay_2_4.dealCard.OMU_A5N6E83IL3KE_3&otracker1=hp_omu_SECTIONED_manualRanking_neo%2Fmerchandising_Deals%2Bof%2Bthe%2BDay_NA_dealCard_cc_2_NA_view-all_3&fm=organic&iid=e1bbebde-bcdd-45d4-b141-5d1fdefe5951.WATF6NHBTGZPDDFS.SEARCH&ppt=None&ppn=None&ssid=x5p91c4u740000001622354924044
Fogg,Rs.305,Rs.2599,https://www.flipkart.com/fogg-2051-bk-black-day-date-analog-watch-men/p/itm4b10d3eeb8fec?pid=WATF4H5NPKVNWRUH&lid=LSTWATF4H5NPKVNWRUHH7DKRB&marketplace=FLIPKART&store=r18%2Ff13&srno=b_3_95&otracker=hp_omu_Deals%2Bof%2Bthe%2BDay_2_4.dealCard.OMU_A5N6E83IL3KE_3&otracker1=hp_omu_SECTIONED_manualRanking_neo%2Fmerchandising_Deals%2Bof%2Bthe%2BDay_NA_dealCard_cc_2_NA_view-all_3&fm=organic&iid=e1bbebde-bcdd-45d4-b141-5d1fdefe5951.WATF4H5NPKVNWRUH.SEARCH&ppt=None&ppn=None&ssid=x5p91c4u740000001622354924044
Daniel Jubile,Rs.217,Rs.1499,https://www.flipkart.com/daniel-jubile-bracelet-flower-stone-silver-21st-century-analog-watch-women/p/itm6c3ab8cbaf17d?pid=WATFPEUY3ZVQ3XVN&lid=LSTWATFPEUY3ZVQ3XVNJS1OLU&marketplace=FLIPKART&store=r18%2Ff13&srno=b_3_96&otracker=hp_omu_Deals%2Bof%2Bthe%2BDay_2_4.dealCard.OMU_A5N6E83IL3KE_3&otracker1=hp_omu_SECTIONED_manualRanking_neo%2Fmerchandising_Deals%2Bof%2Bthe%2BDay_NA_dealCard_cc_2_NA_view-all_3&fm=organic&iid=en_%2FcTQJus0BuNgJv%2Bbw2fL%2BqGbwwnWwPAQ6%2BlFQtZcjSqdQk31ap6azj24H8%2BFnynL2cWyQPM3aq5ZOcU6qR5OzQ%3D%3D&ppt=None&ppn=None&ssid=x5p91c4u740000001622354924044
Happy Khajana,Rs.281,Rs.499,https://www.flipkart.com/happy-khajana-kjr-32-analog-watch-men/p/itm60cd74b524c77?pid=WATFNRUXC3UUHQHQ&lid=LSTWATFNRUXC3UUHQHQCKQZPH&marketplace=FLIPKART&store=r18%2Ff13&srno=b_3_97&otracker=hp_omu_Deals%2Bof%2Bthe%2BDay_2_4.dealCard.OMU_A5N6E83IL3KE_3&otracker1=hp_omu_SECTIONED_manualRanking_neo%2Fmerchandising_Deals%2Bof%2Bthe%2BDay_NA_dealCard_cc_2_NA_view-all_3&fm=organic&iid=e1bbebde-bcdd-45d4-b141-5d1fdefe5951.WATFNRUXC3UUHQHQ.SEARCH&ppt=None&ppn=None&ssid=x5p91c4u740000001622354924044
Rizzly,Rs.345,Rs.1999,https://www.flipkart.com/rizzly-stylish-men-s-casual-analog-watch-men/p/itmf9md3hhu8zsvu?pid=WATF9MB9ZE98QVGA&lid=LSTWATF9MB9ZE98QVGAY0H9BQ&marketplace=FLIPKART&store=r18%2Ff13&srno=b_3_98&otracker=hp_omu_Deals%2Bof%2Bthe%2BDay_2_4.dealCard.OMU_A5N6E83IL3KE_3&otracker1=hp_omu_SECTIONED_manualRanking_neo%2Fmerchandising_Deals%2Bof%2Bthe%2BDay_NA_dealCard_cc_2_NA_view-all_3&fm=organic&iid=e1bbebde-bcdd-45d4-b141-5d1fdefe5951.WATF9MB9ZE98QVGA.SEARCH&ppt=None&ppn=None&ssid=x5p91c4u740000001622354924044
Fogg,Rs.331,Rs.1649,https://www.flipkart.com/fogg-2058-bl-printed-blue-day-date-analog-watch-men/p/itmf5z7bueucthwv?pid=WATF5ZYXZHV7QG27&lid=LSTWATF5ZYXZHV7QG27THGSRE&marketplace=FLIPKART&store=r18%2Ff13&srno=b_3_99&otracker=hp_omu_Deals%2Bof%2Bthe%2BDay_2_4.dealCard.OMU_A5N6E83IL3KE_3&otracker1=hp_omu_SECTIONED_manualRanking_neo%2Fmerchandising_Deals%2Bof%2Bthe%2BDay_NA_dealCard_cc_2_NA_view-all_3&fm=organic&iid=e1bbebde-bcdd-45d4-b141-5d1fdefe5951.WATF5ZYXZHV7QG27.SEARCH&ppt=None&ppn=None&ssid=x5p91c4u740000001622354924044
TIMEWEAR,Rs.229,Rs.799,https://www.flipkart.com/timewear-233wdtg-analog-watch-collection-men/p/itmfg3kggezshetu?pid=WATFG3JFZJ2EVPHQ&lid=LSTWATFG3JFZJ2EVPHQYLOQBL&marketplace=FLIPKART&store=r18%2Ff13&srno=b_3_100&otracker=hp_omu_Deals%2Bof%2Bthe%2BDay_2_4.dealCard.OMU_A5N6E83IL3KE_3&otracker1=hp_omu_SECTIONED_manualRanking_neo%2Fmerchandising_Deals%2Bof%2Bthe%2BDay_NA_dealCard_cc_2_NA_view-all_3&fm=organic&iid=en_%2FcTQJus0BuNgJv%2Bbw2fL%2BqGbwwnWwPAQ6%2BlFQtZcjSoqaRH7HZUSLvZZWEUEqzmRKu8uhQNDi3KTA8Plse1jVQ%3D%3D&ppt=None&ppn=None&ssid=x5p91c4u740000001622354924044
Daniel Jubile,Rs.217,Rs.1499,https://www.flipkart.com/daniel-jubile-exclusive-choice-silver-diamond-studded-rose-gold-bracelet-analog-watch-women/p/itmb91b9bbb7f5db?pid=WATFPFTG3PXGT3HM&lid=LSTWATFPFTG3PXGT3HM5WDNM5&marketplace=FLIPKART&store=r18%2Ff13&srno=b_3_101&otracker=hp_omu_Deals%2Bof%2Bthe%2BDay_2_4.dealCard.OMU_A5N6E83IL3KE_3&otracker1=hp_omu_SECTIONED_manualRanking_neo%2Fmerchandising_Deals%2Bof%2Bthe%2BDay_NA_dealCard_cc_2_NA_view-all_3&fm=organic&iid=e1bbebde-bcdd-45d4-b141-5d1fdefe5951.WATFPFTG3PXGT3HM.SEARCH&ppt=None&ppn=None&ssid=x5p91c4u740000001622354924044
Rizzly,Rs.197,Rs.1499,https://www.flipkart.com/rizzly-118-girls-stylish-analog-watch-girls/p/itm31509bc0a3e7f?pid=WATFZGNWPDG8ANKG&lid=LSTWATFZGNWPDG8ANKGLWZFMJ&marketplace=FLIPKART&store=r18%2Ff13&srno=b_3_102&otracker=hp_omu_Deals%2Bof%2Bthe%2BDay_2_4.dealCard.OMU_A5N6E83IL3KE_3&otracker1=hp_omu_SECTIONED_manualRanking_neo%2Fmerchandising_Deals%2Bof%2Bthe%2BDay_NA_dealCard_cc_2_NA_view-all_3&fm=organic&iid=e1bbebde-bcdd-45d4-b141-5d1fdefe5951.WATFZGNWPDG8ANKG.SEARCH&ppt=None&ppn=None&ssid=x5p91c4u740000001622354924044
MAXIMA,Rs.1216,Rs.1749,https://www.flipkart.com/maxima-25142cmgi-attivo-analog-watch-men/p/itmf3zhdhzrzzewg?pid=WATDJTR9EV9SPVCD&lid=LSTWATDJTR9EV9SPVCDKFY5SM&marketplace=FLIPKART&store=r18%2Ff13&srno=b_3_103&otracker=hp_omu_Deals%2Bof%2Bthe%2BDay_2_4.dealCard.OMU_A5N6E83IL3KE_3&otracker1=hp_omu_SECTIONED_manualRanking_neo%2Fmerchandising_Deals%2Bof%2Bthe%2BDay_NA_dealCard_cc_2_NA_view-all_3&fm=organic&iid=e1bbebde-bcdd-45d4-b141-5d1fdefe5951.WATDJTR9EV9SPVCD.SEARCH&ppt=None&ppn=None&ssid=x5p91c4u740000001622354924044
Daniel Jubile,Rs.217,Rs.1499,https://www.flipkart.com/daniel-jubile-bracelet-flower-stone-rose-gold-21st-century-analog-watch-women/p/itm38762c94e3a7f?pid=WATFPEUYQXMTGQZR&lid=LSTWATFPEUYQXMTGQZRQY0JA0&marketplace=FLIPKART&store=r18%2Ff13&srno=b_3_104&otracker=hp_omu_Deals%2Bof%2Bthe%2BDay_2_4.dealCard.OMU_A5N6E83IL3KE_3&otracker1=hp_omu_SECTIONED_manualRanking_neo%2Fmerchandising_Deals%2Bof%2Bthe%2BDay_NA_dealCard_cc_2_NA_view-all_3&fm=organic&iid=en_%2FcTQJus0BuNgJv%2Bbw2fL%2BqGbwwnWwPAQ6%2BlFQtZcjSqRDu%2FuxLTW8ueGr8eoOpz1Fdj97wTo6vXDbjeS9%2Ftzzw%3D%3D&ppt=None&ppn=None&ssid=x5p91c4u740000001622354924044
MAXIMA,Rs.664,Rs.1475,https://www.flipkart.com/maxima-o-45843ppgw-hybrid-collection-analog-watch-men/p/itmf3zgzfz4gzqqx?pid=WATFYHKGQD8NPHSC&lid=LSTWATFYHKGQD8NPHSCYFUR7J&marketplace=FLIPKART&store=r18%2Ff13&srno=b_3_105&otracker=hp_omu_Deals%2Bof%2Bthe%2BDay_2_4.dealCard.OMU_A5N6E83IL3KE_3&otracker1=hp_omu_SECTIONED_manualRanking_neo%2Fmerchandising_Deals%2Bof%2Bthe%2BDay_NA_dealCard_cc_2_NA_view-all_3&fm=organic&iid=e1bbebde-bcdd-45d4-b141-5d1fdefe5951.WATFYHKGQD8NPHSC.SEARCH&ppt=None&ppn=None&ssid=x5p91c4u740000001622354924044
MAXIMA,Rs.349,Rs.1395,https://www.flipkart.com/maxima-l-62713lmli-elite-analog-watch-women/p/itm63f7b36504b96?pid=WATFXF8UKZGBHASG&lid=LSTWATFXF8UKZGBHASGPRFCAH&marketplace=FLIPKART&store=r18%2Ff13&srno=b_3_106&otracker=hp_omu_Deals%2Bof%2Bthe%2BDay_2_4.dealCard.OMU_A5N6E83IL3KE_3&otracker1=hp_omu_SECTIONED_manualRanking_neo%2Fmerchandising_Deals%2Bof%2Bthe%2BDay_NA_dealCard_cc_2_NA_view-all_3&fm=organic&iid=e1bbebde-bcdd-45d4-b141-5d1fdefe5951.WATFXF8UKZGBHASG.SEARCH&ppt=None&ppn=None&ssid=x5p91c4u740000001622354924044
Daniel Jubile,Rs.284,Rs.1499,https://www.flipkart.com/daniel-jubile-magnet-strap-girls-women-12-diamond-rishtey-blue-21st-century-magnetic-chain-analog-watch/p/itm2d6d5bcdf39e3?pid=WATFMKQQWJKKKKF3&lid=LSTWATFMKQQWJKKKKF3YNTN8Y&marketplace=FLIPKART&store=r18%2Ff13&srno=b_3_107&otracker=hp_omu_Deals%2Bof%2Bthe%2BDay_2_4.dealCard.OMU_A5N6E83IL3KE_3&otracker1=hp_omu_SECTIONED_manualRanking_neo%2Fmerchandising_Deals%2Bof%2Bthe%2BDay_NA_dealCard_cc_2_NA_view-all_3&fm=organic&iid=e1bbebde-bcdd-45d4-b141-5d1fdefe5951.WATFMKQQWJKKKKF3.SEARCH&ppt=None&ppn=None&ssid=x5p91c4u740000001622354924044
Fogg,Rs.312,Rs.2599,https://www.flipkart.com/fogg-1140-br-brown-day-date-analog-watch-men/p/itmf4zhzge2c9nft?pid=WATF4ZDBHXGP6FGZ&lid=LSTWATF4ZDBHXGP6FGZACP3AL&marketplace=FLIPKART&store=r18%2Ff13&srno=b_3_108&otracker=hp_omu_Deals%2Bof%2Bthe%2BDay_2_4.dealCard.OMU_A5N6E83IL3KE_3&otracker1=hp_omu_SECTIONED_manualRanking_neo%2Fmerchandising_Deals%2Bof%2Bthe%2BDay_NA_dealCard_cc_2_NA_view-all_3&fm=organic&iid=en_%2FcTQJus0BuNgJv%2Bbw2fL%2BqGbwwnWwPAQ6%2BlFQtZcjSrNcWH0c8BFn7Qe0Ud8gMnMZc%2FuYi3ydJk5uTvpeDRZQg%3D%3D&ppt=None&ppn=None&ssid=x5p91c4u740000001622354924044
Rizzly,Rs.197,Rs.1299,https://www.flipkart.com/rizzly-213-blue-smart-casual-designer-unique-new-boys-analog-watch/p/itme8a4362f539db?pid=WATFUBHGSMAGUHGE&lid=LSTWATFUBHGSMAGUHGE2N7LWH&marketplace=FLIPKART&store=r18%2Ff13&srno=b_3_109&otracker=hp_omu_Deals%2Bof%2Bthe%2BDay_2_4.dealCard.OMU_A5N6E83IL3KE_3&otracker1=hp_omu_SECTIONED_manualRanking_neo%2Fmerchandising_Deals%2Bof%2Bthe%2BDay_NA_dealCard_cc_2_NA_view-all_3&fm=organic&iid=e1bbebde-bcdd-45d4-b141-5d1fdefe5951.WATFUBHGSMAGUHGE.SEARCH&ppt=None&ppn=None&ssid=x5p91c4u740000001622354924044
EDDY HAGER,Rs.208,Rs.1699,https://www.flipkart.com/eddy-hager-eh-167-brown-brown-unique-new-analog-watch-men/p/itm95d0064ca25d1?pid=WATFWHRQQ3AX4ANR&lid=LSTWATFWHRQQ3AX4ANREGDLNM&marketplace=FLIPKART&store=r18%2Ff13&srno=b_3_110&otracker=hp_omu_Deals%2Bof%2Bthe%2BDay_2_4.dealCard.OMU_A5N6E83IL3KE_3&otracker1=hp_omu_SECTIONED_manualRanking_neo%2Fmerchandising_Deals%2Bof%2Bthe%2BDay_NA_dealCard_cc_2_NA_view-all_3&fm=organic&iid=e1bbebde-bcdd-45d4-b141-5d1fdefe5951.WATFWHRQQ3AX4ANR.SEARCH&ppt=None&ppn=None&ssid=x5p91c4u740000001622354924044
CASADO,Rs.261,Rs.1299,https://www.flipkart.com/casado-csd-326-blk-blk-all-black-mesh-silicone-strap-superior-dual-tone-dial-water-resistant-quartz-boys-series-analog-watch/p/itm7bd48672c574e?pid=WATFKBZG4YNSHJNG&lid=LSTWATFKBZG4YNSHJNGQEBHCD&marketplace=FLIPKART&store=r18%2Ff13&srno=b_3_111&otracker=hp_omu_Deals%2Bof%2Bthe%2BDay_2_4.dealCard.OMU_A5N6E83IL3KE_3&otracker1=hp_omu_SECTIONED_manualRanking_neo%2Fmerchandising_Deals%2Bof%2Bthe%2BDay_NA_dealCard_cc_2_NA_view-all_3&fm=organic&iid=e1bbebde-bcdd-45d4-b141-5d1fdefe5951.WATFKBZG4YNSHJNG.SEARCH&ppt=None&ppn=None&ssid=x5p91c4u740000001622354924044
TIMEWEAR,Rs.229,Rs.799,https://www.flipkart.com/timewear-232bdtg-analog-watch-collection-men/p/itmfg3kgg4srwpzd?pid=WATFG3J2MVRZEVHC&lid=LSTWATFG3J2MVRZEVHCUBWZEK&marketplace=FLIPKART&store=r18%2Ff13&srno=b_3_112&otracker=hp_omu_Deals%2Bof%2Bthe%2BDay_2_4.dealCard.OMU_A5N6E83IL3KE_3&otracker1=hp_omu_SECTIONED_manualRanking_neo%2Fmerchandising_Deals%2Bof%2Bthe%2BDay_NA_dealCard_cc_2_NA_view-all_3&fm=organic&iid=en_%2FcTQJus0BuNgJv%2Bbw2fL%2BqGbwwnWwPAQ6%2BlFQtZcjSrWV5Vtr10KEkBZe5DAFSCVWfHIdMJCzs6W9B3rKmtkJA%3D%3D&ppt=None&ppn=None&ssid=x5p91c4u740000001622354924044
Daniel Jubile,Rs.217,Rs.1499,https://www.flipkart.com/daniel-jubile-exclusive-choice-black-diamond-studded-rose-gold-new-analog-watch-girls/p/itm0082cb569ad42?pid=WATFSG2PF7ZGZHWF&lid=LSTWATFSG2PF7ZGZHWF3M3VBZ&marketplace=FLIPKART&store=r18%2Ff13&srno=b_3_113&otracker=hp_omu_Deals%2Bof%2Bthe%2BDay_2_4.dealCard.OMU_A5N6E83IL3KE_3&otracker1=hp_omu_SECTIONED_manualRanking_neo%2Fmerchandising_Deals%2Bof%2Bthe%2BDay_NA_dealCard_cc_2_NA_view-all_3&fm=organic&iid=e1bbebde-bcdd-45d4-b141-5d1fdefe5951.WATFSG2PF7ZGZHWF.SEARCH&ppt=None&ppn=None&ssid=x5p91c4u740000001622354924044
Fogg,Rs.331,Rs.2299,https://www.flipkart.com/fogg-2058-wh-printed-white-day-date-analog-watch-men/p/itm050b7a9113836?pid=WATFAJB4CG32TRUU&lid=LSTWATFAJB4CG32TRUUZR851B&marketplace=FLIPKART&store=r18%2Ff13&srno=b_3_114&otracker=hp_omu_Deals%2Bof%2Bthe%2BDay_2_4.dealCard.OMU_A5N6E83IL3KE_3&otracker1=hp_omu_SECTIONED_manualRanking_neo%2Fmerchandising_Deals%2Bof%2Bthe%2BDay_NA_dealCard_cc_2_NA_view-all_3&fm=organic&iid=e1bbebde-bcdd-45d4-b141-5d1fdefe5951.WATFAJB4CG32TRUU.SEARCH&ppt=None&ppn=None&ssid=x5p91c4u740000001622354924044
Fastrack,Rs.1525,Rs.1795,https://www.flipkart.com/fastrack-6204sl03-analog-watch-women/p/itm40ff58afa5642?pid=WATFUKA5DZABPGMH&lid=LSTWATFUKA5DZABPGMH5KVCTD&marketplace=FLIPKART&store=r18%2Ff13&srno=b_3_115&otracker=hp_omu_Deals%2Bof%2Bthe%2BDay_2_4.dealCard.OMU_A5N6E83IL3KE_3&otracker1=hp_omu_SECTIONED_manualRanking_neo%2Fmerchandising_Deals%2Bof%2Bthe%2BDay_NA_dealCard_cc_2_NA_view-all_3&fm=organic&iid=e1bbebde-bcdd-45d4-b141-5d1fdefe5951.WATFUKA5DZABPGMH.SEARCH&ppt=None&ppn=None&ssid=x5p91c4u740000001622354924044
Espoir,Rs.312,Rs.1795,https://www.flipkart.com/espoir-lcs-96142-day-date-functioning-high-quality-analog-watch-men/p/itmf9w9yfbuutfcw?pid=WATF9W6FJJASTJHR&lid=LSTWATF9W6FJJASTJHR94GYTR&marketplace=FLIPKART&store=r18%2Ff13&srno=b_3_116&otracker=hp_omu_Deals%2Bof%2Bthe%2BDay_2_4.dealCard.OMU_A5N6E83IL3KE_3&otracker1=hp_omu_SECTIONED_manualRanking_neo%2Fmerchandising_Deals%2Bof%2Bthe%2BDay_NA_dealCard_cc_2_NA_view-all_3&fm=organic&iid=en_%2FcTQJus0BuNgJv%2Bbw2fL%2BqGbwwnWwPAQ6%2BlFQtZcjSrKjH%2B%2BMfWTH5eYH9%2Bw6OkengyKvz%2BYfCjc%2FB%2B%2FQtV2nQ%3D%3D&ppt=None&ppn=None&ssid=x5p91c4u740000001622354924044
Rizzly,Rs.375,Rs.1999,https://www.flipkart.com/rizzly-302-black-leather-strap-moon-designed-mens-boys-analog-watch-men/p/itmabfaf78aef8ed?pid=WATFWBMRKCKX62DD&lid=LSTWATFWBMRKCKX62DD3UGHSD&marketplace=FLIPKART&store=r18%2Ff13&srno=b_3_117&otracker=hp_omu_Deals%2Bof%2Bthe%2BDay_2_4.dealCard.OMU_A5N6E83IL3KE_3&otracker1=hp_omu_SECTIONED_manualRanking_neo%2Fmerchandising_Deals%2Bof%2Bthe%2BDay_NA_dealCard_cc_2_NA_view-all_3&fm=organic&iid=e1bbebde-bcdd-45d4-b141-5d1fdefe5951.WATFWBMRKCKX62DD.SEARCH&ppt=None&ppn=None&ssid=x5p91c4u740000001622354924044
PETER ENGLAND,Rs.1924,Rs.3045,https://www.flipkart.com/peter-england-pe000015d-analog-watch-men/p/itm7c062d724efd3?pid=WATFVFG6JHJ7HCXG&lid=LSTWATFVFG6JHJ7HCXGAMXGDM&marketplace=FLIPKART&store=r18%2Ff13&srno=b_3_118&otracker=hp_omu_Deals%2Bof%2Bthe%2BDay_2_4.dealCard.OMU_A5N6E83IL3KE_3&otracker1=hp_omu_SECTIONED_manualRanking_neo%2Fmerchandising_Deals%2Bof%2Bthe%2BDay_NA_dealCard_cc_2_NA_view-all_3&fm=organic&iid=e1bbebde-bcdd-45d4-b141-5d1fdefe5951.WATFVFG6JHJ7HCXG.SEARCH&ppt=None&ppn=None&ssid=x5p91c4u740000001622354924044
MAXIMA,Rs.944,Rs.2099,https://www.flipkart.com/maxima-o-46865cmgi-analog-watch-men/p/itm66fa646743194?pid=WATFYHKGCEXZEQDZ&lid=LSTWATFYHKGCEXZEQDZLZ37FL&marketplace=FLIPKART&store=r18%2Ff13&srno=b_3_119&otracker=hp_omu_Deals%2Bof%2Bthe%2BDay_2_4.dealCard.OMU_A5N6E83IL3KE_3&otracker1=hp_omu_SECTIONED_manualRanking_neo%2Fmerchandising_Deals%2Bof%2Bthe%2BDay_NA_dealCard_cc_2_NA_view-all_3&fm=organic&iid=e1bbebde-bcdd-45d4-b141-5d1fdefe5951.WATFYHKGCEXZEQDZ.SEARCH&ppt=None&ppn=None&ssid=x5p91c4u740000001622354924044
EDDY HAGER,Rs.339,Rs.2599,https://www.flipkart.com/eddy-hager-eh-226-bk-black-day-date-analog-watch-men/p/itmf7uq4uvuqkn9h?pid=WATF7UHDJCFEHYFY&lid=LSTWATF7UHDJCFEHYFYE3KIMI&marketplace=FLIPKART&store=r18%2Ff13&srno=b_3_120&otracker=hp_omu_Deals%2Bof%2Bthe%2BDay_2_4.dealCard.OMU_A5N6E83IL3KE_3&otracker1=hp_omu_SECTIONED_manualRanking_neo%2Fmerchandising_Deals%2Bof%2Bthe%2BDay_NA_dealCard_cc_2_NA_view-all_3&fm=organic&iid=en_%2FcTQJus0BuNgJv%2Bbw2fL%2BqGbwwnWwPAQ6%2BlFQtZcjSrkWN2vypgztwQcRJun0SXJLTi0zYT3u1x3Y4G3A3CanA%3D%3D&ppt=None&ppn=None&ssid=x5p91c4u740000001622354924044
